Area of residence,Area of workplace,All categories: Method of travel to work,Work mainly at or from home,"Underground, metro, light rail, tram",Train,"Bus, minibus or coach",Taxi,"Motorcycle, scooter or moped",Driving a car or van,Passenger in a car or van,Bicycle,On foot,Other method of travel to work,dist,slope
E02002868,E02002868,133,0,2,0,5,2,0,40,6,2,76,0,0,NaN
E02002868,E02002869,70,0,0,0,9,4,0,37,5,2,13,0,2431.488656180088,0.022189175542752206
E02002868,E02002871,20,0,0,0,0,1,0,13,1,0,5,0,2121.883735582328,0.022321242722196627
E02002868,E02002872,56,0,0,0,4,1,1,42,2,1,5,0,3453.568648966868,0.021180004118529612
E02002868,E02002873,12,0,0,0,5,0,0,7,0,0,0,0,2592.714563871737,0.024931061757843227
E02002868,E02002874,137,0,0,0,34,0,0,87,9,1,6,0,3473.297625017338,0.026754862814511473
E02002868,E02002875,17,0,0,0,0,0,0,12,1,0,4,0,3248.358460296756,0.020980655285871265
E02002868,E02002876,29,0,1,0,5,0,1,19,2,1,0,0,4229.608880135693,0.023962626974949972
E02002868,E02002877,23,0,0,0,4,0,0,19,0,0,0,0,4910.694027910706,0.029528221741512817
E02002868,E02002879,39,0,0,0,5,0,0,30,1,1,1,1,4968.489271995234,0.023262926557668852
E02002868,E02002881,20,0,0,0,1,0,0,16,3,0,0,0,6686.135595714539,0.01945924969683843
E02002868,E02002882,17,0,0,0,5,0,0,9,3,0,0,0,6508.431666371628,0.031113970204472343
E02002868,E02002883,11,0,0,0,1,0,0,8,1,1,0,0,6968.218135139389,0.03618957002850711
E02002868,E02002884,33,0,0,0,9,0,0,22,1,0,1,0,5881.153091795622,0.022492808421676454
E02002868,E02002885,18,0,1,0,2,0,0,13,1,0,1,0,5756.8842708323455,0.018547922420972137
E02002868,E02002886,19,0,1,0,2,0,0,14,1,0,1,0,6207.829548472636,0.020111037857827183
E02002868,E02002889,58,0,5,0,18,0,2,27,4,0,2,0,6906.576633591794,0.024164316481612262
E02002868,E02002890,102,0,3,0,57,0,0,32,5,1,4,0,7958.439223121146,0.03345153396441055
E02002868,E02002892,18,0,0,0,5,0,0,12,1,0,0,0,8545.955469074932,0.01921750777939568
E02002868,E02002893,26,0,0,0,8,1,0,15,0,2,0,0,6920.044900211516,0.01924526460446048
E02002868,E02002895,43,0,5,0,21,0,0,16,1,0,0,0,7414.157742512778,0.022657442516408114
E02002868,E02002896,41,0,0,0,10,0,1,27,0,3,0,0,9138.992626843019,0.04139657771885842
E02002868,E02002898,88,0,1,0,29,0,0,50,4,3,1,0,8410.7828523743,0.018604068911150778
E02002868,E02002899,26,0,0,0,5,0,1,19,1,0,0,0,10158.23665306778,0.02164001053211553
E02002868,E02006834,31,0,0,0,3,0,0,19,3,1,5,0,1453.3621652268437,0.0191576143922229
E02002868,E02006835,22,0,0,0,2,0,0,14,3,0,3,0,1194.7314459171798,0.022560299862466715
E02002868,E02006904,159,0,22,2,75,0,6,46,1,4,2,1,8990.733827713297,0.031183994110574025
E02002868,E02006905,45,0,1,0,14,0,0,28,2,0,0,0,9688.259225593461,0.026909899328816694
E02002869,E02002868,18,0,0,0,1,0,0,7,1,4,5,0,2414.613869441173,0.0191558781033886
E02002869,E02002869,325,0,7,0,19,3,0,80,10,5,201,0,0,0.04210238487190144
E02002869,E02002871,51,0,4,0,6,1,0,20,0,4,16,0,1487.3856914584185,0.0387534862507467
E02002869,E02002872,116,0,3,0,8,4,1,39,9,6,45,1,1648.0462015378034,0.019886633048891784
E02002869,E02002874,93,0,3,0,34,0,0,45,5,4,2,0,4540.544964421262,0.017801158667403044
E02002869,E02002875,30,0,3,2,6,0,0,12,2,4,1,0,2960.2207972274264,0.020946311728250205
E02002869,E02002876,29,0,2,0,9,1,0,11,2,1,2,1,3379.4209031210294,0.018800352190258416
E02002869,E02002877,18,0,0,1,4,0,0,10,2,0,1,0,5461.062835207823,0.022266879284124515
E02002869,E02002879,41,0,5,0,13,0,1,17,4,0,0,1,4683.177875478317,NaN
E02002869,E02002881,22,0,0,0,3,1,0,13,3,0,2,0,5408.510543329633,0.023939888784038698
E02002869,E02002884,26,0,1,0,9,0,0,16,0,0,0,0,5470.791909922126,0.029470605342097316
E02002869,E02002885,33,0,16,0,3,0,0,9,4,0,1,0,5376.813206654892,0.025228236868072018
E02002869,E02002886,23,0,2,0,1,0,0,16,1,1,2,0,5583.015172929548,0.023975558098105195
E02002869,E02002887,30,0,0,0,7,0,0,17,1,0,5,0,5914.4727803014075,0.018734910487286874
E02002869,E02002889,50,0,19,0,22,0,0,6,1,0,2,0,6526.505569414341,0.016459441526123872
E02002869,E02002890,67,0,17,0,20,0,0,22,1,2,5,0,7495.088632730755,0.027766637865540875
E02002869,E02002892,15,0,0,0,6,0,0,6,1,2,0,0,7260.999021608786,0.01525738263935516
E02002869,E02002893,32,0,5,0,8,0,0,12,2,3,2,0,6539.9738360340625,0.01864316541852664
E02002869,E02002895,38,0,8,0,8,0,0,20,1,1,0,0,7034.086678335325,0.02005829077220283
E02002869,E02002896,41,0,9,1,6,0,0,22,0,0,3,0,8963.443435253032,0.0335938358050833
E02002869,E02002898,82,0,4,1,29,0,2,33,6,5,2,0,8030.711788196846,0.017251932352136557
E02002869,E02002899,19,0,0,0,4,0,0,13,1,1,0,0,9533.422277524689,0.01206538620243831
E02002869,E02006834,11,0,0,0,0,0,0,9,1,0,1,0,3523.5429576485985,0.015100611798919798
E02002869,E02006835,11,0,1,0,2,0,0,4,1,0,3,0,3597.2535435594828,0.019150900362819162
E02002869,E02006904,202,0,70,6,53,1,1,48,10,3,8,2,8582.145578107062,0.022156725838371177
E02002869,E02006905,54,0,13,0,7,1,1,26,5,1,0,0,9308.188161416005,0.018423756562417244
E02002871,E02002868,60,0,1,0,2,0,0,22,6,3,26,0,2075.1152947345236,0.013949008258274656
E02002871,E02002869,200,0,0,0,14,1,0,74,9,5,97,0,1487.3856914584185,0.017924478398194856
E02002871,E02002871,141,0,2,0,10,1,0,39,7,5,77,0,0,0.02474080425689391
E02002871,E02002872,132,0,2,0,10,0,0,64,16,3,37,0,2155.2390245693337,0.015157626352542199
E02002871,E02002874,168,0,0,0,60,1,1,73,19,1,13,0,3078.577026388848,0.018805006582009585
E02002871,E02002875,57,0,2,0,3,0,0,26,9,2,15,0,1472.835105769008,0.02411022812711913
E02002871,E02002876,41,0,1,0,6,1,0,22,5,1,5,0,2454.085525607946,0.027173343804322105
E02002871,E02002877,28,0,0,0,9,0,0,17,1,1,0,0,3999.09489717541,0.02216007525698682
E02002871,E02002879,65,0,0,0,14,1,0,36,5,2,7,0,3192.965917467485,0.023492964319292858
E02002871,E02002881,29,0,0,0,3,0,0,21,4,0,1,0,4902.287454918973,0.017822621774171935
E02002871,E02002882,29,0,1,0,8,0,0,16,3,1,0,0,5041.128266654575,0.03940324953085419
E02002871,E02002883,12,0,0,0,2,0,1,7,2,0,0,0,6427.13640201502,0.024574006923855286
E02002871,E02002884,43,0,0,0,14,0,0,26,2,0,1,0,4105.6297372678755,0.01798266086126375
E02002871,E02002885,39,0,4,0,11,0,0,18,3,0,1,2,3981.3609163045926,0.018353676272390942
E02002871,E02002886,31,0,2,0,0,0,0,21,4,1,3,0,4432.306193944887,0.01790151773736531
E02002871,E02002887,49,0,1,0,10,0,0,35,1,2,0,0,5786.395676823929,0.019863281527053335
E02002871,E02002889,57,0,8,0,25,0,0,19,2,2,1,0,5131.0532790640445,0.022302184013827994
E02002871,E02002890,116,0,8,0,67,0,2,31,4,0,4,0,6129.926460076505,0.023939888784038698
E02002871,E02002892,20,0,0,0,6,0,1,10,0,2,1,0,6762.107328279364,NaN
E02002871,E02002893,39,0,0,0,7,0,0,27,2,2,1,0,5144.521545683764,0.024661200888971082
E02002871,E02002895,55,0,8,0,17,0,0,26,2,1,0,1,5638.634387985025,0.02551536811520037
E02002871,E02002896,66,0,0,1,16,1,3,38,2,3,1,1,7598.281262598777,0.02353770792165308
E02002871,E02002898,155,0,1,0,37,0,1,90,12,13,1,0,6635.2594978465495,0.013531428690071524
E02002871,E02002899,30,0,1,0,13,0,0,13,0,2,1,0,8382.71329854003,0.02160522008600455
E02002871,E02006834,12,0,0,0,1,0,0,10,0,0,1,0,2573.260187652021,0.0288123573842535
E02002871,E02006835,24,0,0,0,5,1,0,12,0,1,5,0,2669.512637852162,0.021078928625018426
E02002871,E02006904,291,0,40,11,123,2,2,86,9,7,7,4,7186.693287756765,0.020785554628994205
E02002871,E02006905,97,0,2,3,22,0,0,57,8,2,3,0,7912.735871065709,0.023433222329148514
E02002872,E02002868,31,0,0,0,7,0,0,15,0,3,6,0,3436.693862227955,0.035568835224954756
E02002872,E02002869,300,0,7,2,32,2,1,88,18,9,140,1,1648.0462015378037,0.020448360951554157
E02002872,E02002871,55,0,1,0,10,1,1,19,2,3,18,0,2155.239024569334,0.014681213532427134
E02002872,E02002872,236,0,3,0,19,2,5,82,6,18,101,0,0,0.017282963619466327
E02002872,E02002874,116,0,1,0,44,0,1,57,10,1,2,0,5222.258643083065,0.023107292351311943
E02002872,E02002875,48,0,2,0,7,0,1,23,8,0,7,0,2990.4436444293774,0.025385854970575036
E02002872,E02002876,60,0,2,0,10,0,0,35,4,1,8,0,2880.532258959577,0.02011518365038314
E02002872,E02002877,17,0,0,0,6,0,0,11,0,0,0,0,5470.472612626742,0.016488854400501417
E02002872,E02002879,58,0,2,0,18,1,2,25,7,0,3,0,4184.289231316865,0.021221490309658628
E02002872,E02002881,41,0,0,0,0,0,0,34,5,1,1,0,4107.237165530806,0.027813104150221903
E02002872,E02002882,20,0,0,0,8,0,0,11,0,0,1,0,5907.401795147373,0.016180146375244977
E02002872,E02002884,46,0,0,0,11,0,0,30,1,0,4,0,4971.903265760674,0.020459916287632215
E02002872,E02002885,50,0,16,2,5,0,0,22,2,0,2,1,4877.924562493437,0.02298098565572847
E02002872,E02002886,40,0,0,0,13,0,0,23,3,0,1,0,5084.126528768095,0.026309369595593872
E02002872,E02002887,48,0,0,0,14,0,0,26,2,3,3,0,5490.675623215895,0.025568885256506246
E02002872,E02002889,54,0,16,0,21,0,0,11,4,0,2,0,6027.616925252887,0.026840370965440168
E02002872,E02002890,81,0,8,1,33,0,1,31,1,2,2,2,6996.199988569303,0.02018611696505666
E02002872,E02002891,11,0,0,0,2,0,0,8,1,0,0,0,9065.93637152377,0.04200405964362037
E02002872,E02002892,35,0,0,0,4,0,0,26,0,2,3,0,5959.725643809959,0.038364892531669706
E02002872,E02002893,39,0,6,0,15,0,0,15,2,1,0,0,6041.0851918726075,0.02203652582481361
E02002872,E02002895,54,0,9,0,24,0,0,16,3,1,0,1,6535.19803417387,0.015318626964319567
E02002872,E02002896,48,0,0,0,16,2,0,27,0,1,2,0,8464.5547910915775,0.01838172476508139
E02002872,E02002898,121,0,2,0,25,0,1,73,14,5,1,0,7531.823144035392,0.0169632065163915
E02002872,E02002899,30,0,1,0,6,0,0,21,0,1,1,0,9034.533633363239,0.02122964327419255
E02002872,E02006834,14,0,1,0,0,0,0,11,1,0,1,0,4212.760934423888,0.029470605342097316
E02002872,E02006904,259,0,64,4,85,3,2,82,5,7,6,1,8083.256933945608,0.024587260654258935
E02002872,E02006905,86,0,7,2,15,0,0,51,5,1,4,1,8809.29951725455,NaN
E02002873,E02002868,64,0,0,1,9,0,0,20,5,0,29,0,2592.7145638717375,0.027474189746998036
E02002873,E02002869,77,0,0,0,31,0,1,31,7,0,7,0,3202.036605546901,0.0200989936778281
E02002873,E02002871,31,0,0,0,3,0,0,12,3,1,12,0,1740.0686675144868,0.020606621880905306
E02002873,E02002872,50,0,1,0,15,0,0,21,8,4,1,0,3675.242125522489,0.023735408311674932
E02002873,E02002873,96,0,1,0,12,1,0,31,3,2,46,0,0,0.018890068831968945
E02002873,E02002874,269,0,0,0,31,1,0,73,15,6,143,0,1744.2224227681465,0.02009388183256192
E02002873,E02002875,51,0,0,1,4,1,0,27,2,4,12,0,1298.0874677908744,0.018666394746352497
E02002873,E02002876,19,0,0,0,1,0,0,12,0,1,5,0,2504.5416066611647,0.02392067902167981
E02002873,E02002877,50,0,1,0,14,2,0,19,7,0,7,0,3047.3351151924267,0.028208403533832596
E02002873,E02002879,56,0,0,0,12,2,0,32,5,1,4,0,2903.2642192297644,0.02154596641261415
E02002873,E02002881,27,0,0,0,3,0,0,19,3,1,1,0,5578.128221639296,0.01591206756422421
E02002873,E02002882,36,0,0,0,21,0,0,10,4,0,1,0,3931.6439214657835,0.01908881017966512
E02002873,E02002883,17,0,0,0,4,0,1,12,0,0,0,0,5239.142932890196,0.02284966336568118
E02002873,E02002884,49,0,0,0,19,0,1,27,1,0,1,0,3869.3323959966615,0.025553703868417647
E02002873,E02002885,31,0,1,0,6,0,0,22,1,0,1,0,3941.891317161459,0.018391926697247124
E02002873,E02002886,24,0,0,0,7,0,0,14,1,2,0,0,4399.275925502346,0.017215143376931683
E02002873,E02002887,30,0,0,0,5,0,0,21,2,0,2,0,6147.778101085732,0.02124231139131999
E02002873,E02002888,13,0,0,0,2,0,0,8,2,1,0,0,5513.382910109919,0.02770320188516464
E02002873,E02002889,94,0,8,0,46,2,0,29,1,1,6,1,5091.58367992091,0.017911040459565635
E02002873,E02002890,140,0,0,1,85,2,1,37,5,5,4,0,5381.651478215301,0.02125874492282583
E02002873,E02002892,26,0,0,0,8,0,0,14,1,1,2,0,7297.641295676061,0.024214762386216827
E02002873,E02002893,34,0,0,0,14,1,0,15,0,1,3,0,5105.0519465406305,0.026249889842153134
E02002873,E02002895,74,0,1,0,43,0,0,20,3,3,4,0,5599.164788841891,0.02510320286513007
E02002873,E02002896,83,0,0,0,33,1,2,42,4,0,1,0,6779.539727224776,0.026280895351995622
E02002873,E02002898,190,0,0,0,66,1,0,94,12,11,5,1,6595.789898703415,0.02072885051614333
E02002873,E02002899,30,0,0,0,8,0,1,18,1,1,1,0,8349.683030097489,0.03327952187590855
E02002873,E02006834,50,0,0,0,5,0,0,15,1,1,26,2,1895.7861713266116,0.027956848496494196
E02002873,E02006835,24,0,0,0,7,0,0,11,1,1,4,0,2838.887899467046,0.039658850885547575
E02002873,E02006904,317,0,11,0,182,0,3,84,19,5,12,1,6413.94608280745,0.02826652733520647
E02002873,E02006905,79,0,0,0,36,0,2,35,4,0,2,0,7873.266271922575,0.03355090873189013
E02002874,E02002868,23,0,0,0,14,0,0,9,0,0,0,0,3473.2976250173397,0.020088907533642748
E02002874,E02002869,15,0,1,0,1,0,0,12,1,0,0,0,4554.298863908151,0.024931061757843227
E02002874,E02002871,15,0,0,0,4,0,0,9,0,1,1,0,3092.330925875736,0.025228236868072018
E02002874,E02002872,22,0,1,0,6,0,0,11,2,1,1,0,5222.258643083064,0.02551536811520037
E02002874,E02002873,13,0,0,0,3,0,0,6,1,0,3,0,1744.2224227681463,0.027474189746998036
E02002874,E02002874,332,0,1,1,18,3,3,76,7,4,219,0,0,NaN
E02002874,E02002876,14,0,0,0,3,0,0,9,0,0,2,0,3363.5859406586505,0.032360388822022405
E02002874,E02002877,84,0,0,0,7,1,4,34,5,2,31,0,1437.3964028933683,0.031037183562529404
E02002874,E02002879,53,0,0,0,8,0,0,25,6,2,12,0,2182.3522869676945,0.029312277471971664
E02002874,E02002881,24,0,0,0,2,0,0,20,1,0,1,0,6286.76602804071,0.03404627771141585
E02002874,E02002882,28,0,0,0,6,0,0,16,4,0,2,0,3035.13404135429,0.032707369804911075
E02002874,E02002883,19,0,0,0,5,0,0,10,0,0,4,0,3494.920510122053,0.02441959030257786
E02002874,E02002884,52,0,1,0,18,0,0,25,3,0,5,0,2727.747547455708,0.0398370922257646
E02002874,E02002885,46,0,0,0,9,1,0,31,2,1,2,0,3757.1028455366236,0.04110506419700016
E02002874,E02002886,24,0,0,0,5,0,0,15,0,2,2,0,4214.48745387751,0.02899479343792573
E02002874,E02002887,17,0,0,0,4,0,0,12,0,0,1,0,6415.358882405804,0.022172899541582494
E02002874,E02002888,15,0,0,1,3,1,0,9,0,0,1,0,3769.1604873417705,0.020868610573889647
E02002874,E02002889,103,0,0,0,46,0,1,42,7,3,4,0,4148.754086575593,0.02899499262124583
E02002874,E02002890,122,0,0,0,63,1,0,37,7,1,13,0,4485.141598103806,0.040899885923550566
E02002874,E02002892,15,0,0,0,3,0,0,10,0,1,1,0,7863.801433709043,0.024086629432434548
E02002874,E02002893,32,0,0,0,17,0,0,14,0,0,1,0,4920.263474915795,0.022297887198985154
E02002874,E02002895,86,0,0,0,47,0,0,22,6,5,6,0,5136.546870627358,0.02655459350653761
E02002874,E02002896,56,0,1,0,16,1,1,29,5,0,3,0,5665.695001825679,0.04607503157944785
E02002874,E02002898,150,0,1,0,66,0,2,59,7,10,5,0,6411.00142707858,0.020895970755107237
E02002874,E02002899,41,0,0,0,14,0,1,20,0,3,3,0,8164.894558472659,0.022380467457451914
E02002874,E02006834,14,0,0,0,1,1,0,8,1,0,3,0,2220.93979023068,0.02155203516292308
E02002874,E02006904,272,0,11,1,150,3,1,58,12,14,22,0,5517.436202695955,0.022467576739611052
E02002874,E02006905,79,0,1,0,24,0,0,39,10,2,2,1,6304.479565398914,0.03202141042463063
E02002875,E02002868,29,0,0,0,5,0,0,14,0,1,9,0,3219.24563063564,0.03068808997589078
E02002875,E02002869,85,0,4,0,19,2,0,39,5,0,16,0,2960.2207972274264,0.023776984818357688
E02002875,E02002871,44,0,0,0,8,0,0,14,1,2,19,0,1472.8351057690077,0.04725757040131158
E02002875,E02002872,73,0,8,0,16,0,1,31,7,5,5,0,2990.443644429378,0.04421873745153237
E02002875,E02002873,11,0,0,0,0,0,0,5,1,0,5,0,1298.0874677908744,0.027864060418863242
E02002875,E02002874,204,0,3,0,17,0,1,63,11,1,108,0,2231.8149986536887,0.017655553658231463
E02002875,E02002875,127,0,1,0,12,0,1,38,2,3,70,0,0,0.02278504847350689
E02002875,E02002876,84,0,3,0,9,2,0,33,10,5,22,0,1206.4541388702908,0.01932725067436927
E02002875,E02002877,39,0,1,0,7,0,0,26,1,1,3,0,2702.8587948550553,0.026754862814511473
E02002875,E02002879,83,0,1,0,14,0,1,47,3,0,17,0,1720.1308116984778,0.024051321906496365
E02002875,E02002881,28,0,0,0,0,0,0,24,3,0,1,0,4280.040753848421,0.0236508762110728
E02002875,E02002882,26,0,0,0,8,0,0,15,1,1,1,0,3568.293160885563,0.0200989936778281
E02002875,E02002883,14,0,0,0,1,0,0,12,0,0,1,0,5364.2270519142385,0.032360388822022405
E02002875,E02002884,65,0,1,0,11,0,1,42,1,1,8,0,2632.7946314988644,NaN
E02002875,E02002885,52,0,4,0,9,1,0,29,4,0,5,0,2705.3535526636665,0.019208990004441002
E02002875,E02002886,38,0,0,0,1,0,1,22,3,2,9,0,3162.738161004553,0.020287147564330525
E02002875,E02002887,38,0,0,0,5,0,1,24,4,1,3,0,4849.6906332948565,0.036036730542697216
E02002875,E02002888,11,0,0,0,3,0,0,7,1,0,0,0,5049.523538406125,0.02977764616645578
E02002875,E02002889,85,0,34,0,20,0,0,26,2,1,0,2,3855.0459154231166,0.01828112951550157
E02002875,E02002890,138,0,10,0,74,0,0,35,4,4,10,1,4657.091354307491,0.03604015663614169
E02002875,E02002892,33,0,0,0,3,0,0,20,6,4,0,0,5999.553827885186,0.04539833216672921
E02002875,E02002893,52,0,6,0,10,0,0,32,0,1,3,0,3868.514182042838,0.032820999484270856
E02002875,E02002895,87,0,27,0,25,0,0,25,5,2,3,0,4362.627024344101,0.016375047993322886
E02002875,E02002896,56,0,1,0,17,0,0,35,0,2,1,0,6125.446156829764,0.015653163038729857
E02002875,E02002898,168,0,2,0,60,0,4,74,16,8,3,1,5359.252134205624,0.03137180732292343
E02002875,E02002899,42,0,3,0,11,0,0,24,0,3,0,1,7113.1452655997,0.03854989760424023
E02002875,E02006834,14,0,0,0,4,0,0,10,0,0,0,0,3005.6994883214056,0.015190883703298923
E02002875,E02006835,17,0,2,0,4,0,0,9,1,0,1,0,3813.6429737532785,0.017857568037959497
E02002875,E02006904,292,0,85,0,101,0,2,68,10,4,16,6,5610.598467379596,0.03330707168406643
E02002875,E02006905,77,0,6,0,13,0,0,52,6,0,0,0,6636.728507424782,0.050243501399472736
E02002876,E02002868,11,0,0,0,1,0,0,10,0,0,0,0,4200.496050474578,0.01727603715858826
E02002876,E02002869,77,0,6,0,12,0,1,42,2,6,8,0,3379.4209031210285,0.019697284119920288
E02002876,E02002871,30,0,1,0,2,1,0,14,5,0,7,0,2454.0855256079462,0.027487709172623116
E02002876,E02002872,56,0,1,0,12,0,0,23,4,3,12,1,2880.532258959578,0.026536530382847402
E02002876,E02002874,101,0,1,0,21,3,0,53,7,3,13,0,3363.5859406586505,0.03393462383544173
E02002876,E02002875,56,0,0,0,1,0,0,31,3,2,19,0,1206.454138870291,0.03000662091592154
E02002876,E02002876,141,0,8,0,12,0,0,49,7,1,64,0,0,0.0146235827972509
E02002876,E02002877,20,0,1,0,2,0,0,16,0,1,0,0,3308.647673157627,0.05217601156974841
E02002876,E02002878,15,0,0,0,2,0,0,8,1,0,4,0,1545.94165973286,0.04962116818330137
E02002876,E02002879,73,0,4,0,9,0,0,40,4,0,16,0,2022.4642918477489,0.021800516788097257
E02002876,E02002881,30,0,1,0,4,0,0,17,3,1,4,0,3076.0086763070567,0.014190897958628164
E02002876,E02002882,17,0,0,0,5,0,0,10,0,0,2,0,3745.5768556782564,0.018245130595668877
E02002876,E02002884,48,0,3,0,8,0,0,27,2,1,7,0,2810.078326291558,0.01493087620956201
E02002876,E02002885,67,0,5,2,3,0,0,34,4,4,14,1,2613.386616413883,0.02090783678523562
E02002876,E02002886,62,0,1,0,5,0,0,42,6,0,8,0,2573.4018552137436,0.018734910487286874
E02002876,E02002887,58,0,0,0,5,2,2,31,5,5,8,0,3645.6585557534927,0.013531428690071524
E02002876,E02002888,25,0,0,0,5,0,0,17,3,0,0,0,5226.807233198819,0.020606621880905306
E02002876,E02002889,97,0,35,0,31,0,0,21,1,3,5,1,3763.078979173333,0.031037183562529404
E02002876,E02002890,133,0,29,0,48,0,1,36,3,4,12,0,4834.375049100186,0.019208990004441002
E02002876,E02002892,33,0,0,0,7,0,0,13,3,9,1,0,4795.521750343825,NaN
E02002876,E02002893,47,0,1,0,4,2,0,36,1,0,3,0,3766.972553421823,0.02752325948187693
E02002876,E02002894,15,0,0,0,2,0,1,11,1,0,0,0,4755.542312129356,0.023098614899919587
E02002876,E02002895,79,0,21,0,22,0,0,29,2,2,2,1,4270.660088094318,0.027158845134550375
E02002876,E02002896,67,0,5,0,22,1,1,32,1,4,1,0,6302.729851622458,0.022412258450696946
E02002876,E02002898,168,0,7,0,48,1,1,89,7,10,5,0,5267.285197955842,0.027396126241457066
E02002876,E02002899,43,0,1,0,7,0,0,18,6,7,4,0,6523.80895980889,0.03432009849311574
E02002876,E02006904,317,0,125,0,69,0,2,90,12,7,7,5,5818.718987866054,0.024141443006155998
E02002876,E02006905,92,0,18,0,16,0,0,48,4,2,4,0,6544.761571174998,0.014427564772020953
E02002877,E02002868,12,0,0,0,2,0,0,7,3,0,0,0,5051.247385479355,0.01374361558822306
E02002877,E02002869,27,0,0,0,10,0,0,12,3,2,0,0,5471.19937565443,0.02567525045353101
E02002877,E02002871,22,0,0,0,6,1,0,13,0,2,0,0,4009.231437622015,0.029013703443984386
E02002877,E02002872,25,0,1,0,7,0,0,15,1,1,0,0,5469.113224241169,0.022623463470376148
E02002877,E02002874,123,0,0,0,19,0,0,38,6,9,51,0,1577.9497604620194,0.016899264429662643
E02002877,E02002875,15,0,0,0,1,0,0,11,3,0,0,0,2958.2189222252796,0.022948467677656532
E02002877,E02002876,18,0,0,0,4,0,0,8,0,1,5,0,3308.647673157627,0.031153637161275814
E02002877,E02002877,161,0,0,2,25,0,1,46,3,6,78,0,0,0.016418022273993665
E02002877,E02002879,49,0,0,0,4,0,0,24,2,2,17,0,1286.1833813098774,0.0194518942372465
E02002877,E02002881,24,0,0,0,5,1,0,16,0,2,0,0,6231.827760539686,0.02402728764694847
E02002877,E02002882,40,0,0,0,11,0,2,8,1,1,17,0,2129.1423912976493,0.02391806718656664
E02002877,E02002883,35,0,0,0,7,0,0,13,2,1,12,0,2780.8555612070745,0.030386059613827763
E02002877,E02002884,94,0,0,0,16,0,0,32,5,7,33,1,1821.7558973990676,0.029054495526462807
E02002877,E02002885,44,0,1,0,8,0,0,24,3,3,5,0,2843.760606903847,0.021887279024251662
E02002877,E02002886,33,0,0,0,1,0,0,25,4,2,1,0,3922.6446951164276,0.04298571491291226
E02002877,E02002887,25,0,0,0,5,0,0,18,1,1,0,0,6195.63082868151,0.03225576228762176
E02002877,E02002888,26,0,0,0,6,0,0,16,1,2,1,0,3055.0955384267922,0.026354193108860818
E02002877,E02002889,193,0,3,0,81,0,1,50,7,17,33,1,3242.762436518952,0.012791819402946044
E02002877,E02002890,161,0,1,0,78,1,0,45,7,8,20,1,3579.1499480471666,0.01942612837312086
E02002877,E02002892,22,0,0,0,3,0,0,16,2,1,0,0,7644.0733799847485,0.01717996435251306
E02002877,E02002893,41,0,0,1,6,1,0,28,3,0,2,0,4098.640991603348,0.023927239483957648
E02002877,E02002895,127,0,2,1,59,0,0,40,7,9,8,1,4230.555220570717,0.016459441526123872
E02002877,E02002896,57,0,0,0,14,1,2,31,4,3,2,0,4977.038197056643,0.02160522008600455
E02002877,E02002898,150,0,0,2,50,1,2,76,5,12,2,0,5262.261288942656,0.023735408311674932
E02002877,E02002899,70,0,1,0,22,0,0,33,5,7,2,0,7873.051799711575,0.029312277471971664
E02002877,E02006904,414,0,6,1,212,1,2,101,14,30,47,0,4611.444552639314,0.020287147564330525
E02002877,E02006905,82,0,1,0,21,1,0,39,3,10,7,0,5398.487915342271,0.02752325948187693
E02002878,E02002869,74,0,0,1,32,3,1,24,3,1,9,0,3623.748776784805,NaN
E02002878,E02002871,19,0,0,0,3,0,0,8,2,2,4,0,3443.105268659674,0.02205254141045688
E02002878,E02002872,72,0,2,0,10,1,0,36,4,2,17,0,2866.7134022337546,0.026477926971223725
E02002878,E02002874,52,0,0,0,20,0,0,22,5,1,4,0,4804.671992543245,0.02157610335903925
E02002878,E02002875,30,0,4,1,3,1,0,13,2,2,4,0,2647.540190754885,0.029644808753637224
E02002878,E02002876,46,0,0,0,5,1,0,19,2,1,18,0,1545.9416597328595,0.03347696360790865
E02002878,E02002877,18,0,1,0,7,0,0,10,0,0,0,0,4749.733725042225,0.027313563330733846
E02002878,E02002878,106,0,0,1,11,1,1,20,12,3,57,0,0,0.01834773091970515
E02002878,E02002879,38,0,1,0,9,0,1,22,2,1,2,0,3463.5503437323455,0.016916966287789242
E02002878,E02002881,62,0,1,0,3,1,0,21,5,3,28,0,1485.7359893490882,0.02871492343125808
E02002878,E02002882,13,0,0,0,4,0,0,8,0,1,0,0,5463.691262394101,0.029326078167415646
E02002878,E02002884,33,0,2,0,8,0,0,16,4,2,1,0,4528.192733007401,0.02128527094139174
E02002878,E02002885,52,0,3,0,21,0,0,15,6,2,5,0,3846.7451079274542,0.016762190731408902
E02002878,E02002886,40,0,0,0,12,1,2,14,2,4,5,0,2298.9963255526723,0.025558972250959353
E02002878,E02002887,90,0,1,0,10,3,1,25,6,4,40,0,2427.4737323288796,0.031257790294996056
E02002878,E02002888,16,0,0,0,4,0,1,8,2,1,0,0,6944.921639914663,0.016154508485695888
E02002878,E02002889,62,0,4,0,26,0,0,25,3,2,2,0,4655.065342243407,0.021237549974934915
E02002878,E02002890,86,0,4,0,46,0,0,28,2,0,6,0,6087.2644090093345,0.023709984416784177
E02002878,E02002892,67,0,0,0,22,1,1,30,2,6,5,0,3345.5558627094833,0.02595625893837194
E02002878,E02002893,52,0,0,0,22,0,0,22,7,1,0,0,3991.36123540937,0.02977273174543815
E02002878,E02002894,14,0,0,0,5,0,0,7,0,0,2,0,3602.571727870748,0.0308669494154914
E02002878,E02002895,37,0,2,0,19,0,0,12,0,2,2,0,5018.573464610157,0.019880900607813484
E02002878,E02002896,38,0,0,0,11,0,1,21,3,1,1,0,7470.894613187149,0.039297820991140237
E02002878,E02002898,158,0,0,1,53,0,3,72,11,13,5,0,5437.935593294526,0.033707292727134415
E02002878,E02002899,24,0,0,0,10,0,1,9,1,1,1,1,6037.732567871504,0.027545355072743163
E02002878,E02006904,193,0,24,1,85,2,5,59,4,3,9,1,6907.890914271662,0.014358224085265488
E02002878,E02006905,63,0,1,0,18,0,2,30,10,1,1,0,7404.39131944762,0.0241705151609701
E02002879,E02002868,11,0,0,0,2,0,0,8,1,0,0,0,5070.222445377449,0.020133908267600642
E02002879,E02002869,42,0,1,0,11,0,0,20,6,0,2,2,4681.818487092744,0.03076457974517728
E02002879,E02002871,26,0,0,0,3,0,1,19,1,2,0,0,3323.8119205108187,0.02793032735262093
E02002879,E02002872,55,0,3,0,16,1,0,29,0,2,4,0,4182.929842931293,0.029033083866666535
E02002879,E02002874,175,0,0,0,20,1,0,59,4,9,81,1,2117.769021911356,0.018894764170616668
E02002879,E02002875,38,0,0,0,3,0,0,16,3,1,14,1,1850.9768147418108,0.03582502001808721
E02002879,E02002876,42,0,0,0,8,1,1,16,2,6,8,0,2022.4642918477498,0.039715113718500346
E02002879,E02002877,76,0,0,0,5,0,0,34,6,2,28,1,1286.1833813098776,0.02721141411947572
E02002879,E02002879,174,0,3,1,17,0,0,78,9,3,60,3,0,0.022082545242607353
E02002879,E02002881,42,0,0,0,5,0,0,31,2,2,2,0,4945.644379229809,NaN
E02002879,E02002882,36,0,1,0,6,0,0,14,1,2,12,0,1955.9866763529942,0.014870765927054
E02002879,E02002883,27,0,0,0,4,2,0,17,1,2,1,0,3947.551638369063,0.019211754009478155
E02002879,E02002884,97,0,1,1,17,0,0,35,2,1,40,0,1020.4881469662955,0.03103651498430163
E02002879,E02002885,99,0,0,0,13,0,0,43,4,6,33,0,1557.5772255939705,0.04904047101455952
E02002879,E02002886,44,0,0,0,4,1,3,22,3,7,4,0,2636.4613138065506,0.02536965426909869
E02002879,E02002887,25,0,0,0,4,0,0,14,3,2,2,0,4909.447447371634,0.021480363484691165
E02002879,E02002888,25,0,0,0,5,1,0,12,4,1,1,1,3437.2170538735554,0.020957868627280204
E02002879,E02002889,179,0,9,0,80,5,2,49,7,4,20,3,2503.569967754951,0.02676950501551184
E02002879,E02002890,190,0,3,0,101,0,1,48,7,9,21,0,3044.7848697749223,0.036258914000456284
E02002879,E02002892,23,0,0,0,6,0,0,11,1,4,1,0,6357.889998674872,0.018034002889508096
E02002879,E02002893,57,0,0,0,8,0,1,32,4,1,11,0,2720.7378549731407,0.026864490635401087
E02002879,E02002894,12,0,0,0,1,0,0,7,2,1,1,0,4818.601770722163,0.030205307981950983
E02002879,E02002895,90,0,4,1,39,0,1,34,2,4,5,0,3214.8506972744053,0.04315214094522813
E02002879,E02002896,89,0,2,0,27,1,0,45,2,6,6,0,4513.139672297194,0.03264141431594156
E02002879,E02002898,185,0,2,0,48,0,3,96,20,9,7,0,4211.475807135928,0.02362010421152296
E02002879,E02002899,57,0,1,1,8,0,1,35,5,4,2,0,6586.868418401698,0.03253996524385365
E02002879,E02006834,16,0,1,0,7,0,0,5,2,0,1,0,4338.708812142037,0.030734224010236438
E02002879,E02006835,18,0,0,0,5,0,0,9,2,1,1,0,5448.55924073798,0.031216197884706646
E02002879,E02006904,451,0,34,2,207,3,2,119,16,12,54,2,3998.291982847023,0.027040122123307978
E02002879,E02006905,119,0,1,0,32,1,0,68,7,8,2,0,4785.335345549979,0.018108997058202122
E02002880,E02002868,13,0,0,0,7,0,0,3,1,0,2,0,5923.579297279801,0.055551045373891966
E02002880,E02002869,61,0,0,0,17,2,0,29,6,5,2,0,4735.4428731087855,0.05396816625426275
E02002880,E02002871,13,0,0,0,5,0,0,7,0,0,1,0,4177.168772413172,0.02307784330798717
E02002880,E02002872,71,0,0,0,12,0,1,37,4,4,12,1,3978.407498557736,0.017473378394408427
E02002880,E02002874,59,0,0,0,14,0,1,30,9,2,1,2,4757.533112931489,0.021781771978855852
E02002880,E02002875,27,0,0,0,1,0,0,19,4,1,2,0,2929.537385675517,0.017426351728585025
E02002880,E02002876,65,0,0,0,7,1,1,26,5,3,21,1,2174.9382290106837,0.020725898563632744
E02002880,E02002877,24,0,0,0,8,0,0,12,3,0,1,0,4732.24550710392,0.017615798453030355
E02002880,E02002878,61,0,1,1,7,0,0,18,4,1,29,0,1248.1513126322438,0.021594487578134
E02002880,E02002879,36,0,0,0,9,2,0,16,4,0,5,0,3446.062125794041,0.03984645467964179
E02002880,E02002880,70,0,0,0,11,0,0,18,7,5,26,3,0,0.027864060418863242
E02002880,E02002881,40,0,0,1,5,0,2,19,4,1,7,1,1640.2550821571324,0.021800516788097257
E02002880,E02002884,39,0,1,1,10,0,0,18,1,4,4,0,3659.1830233780047,0.026354193108860818
E02002880,E02002885,53,0,0,0,15,0,0,22,4,5,7,0,2667.695566075249,0.027545355072743163
E02002880,E02002886,84,0,0,0,16,2,0,29,4,3,30,0,1180.8601450828676,0.02305681602479125
E02002880,E02002887,151,0,1,0,16,1,0,44,8,6,75,0,1935.864613241739,0.026017146685659007
E02002880,E02002888,12,0,0,0,5,0,0,6,1,0,0,0,5804.851036992232,0.015478434834836088
E02002880,E02002889,74,0,1,0,38,0,2,24,3,2,2,2,3536.929161773602,0.02542536188089403
E02002880,E02002890,117,0,4,0,72,0,1,28,1,3,7,1,4969.128228539531,0.026663696504566146
E02002880,E02002892,49,0,0,0,11,0,0,25,5,4,4,0,3085.727807832072,0.023124072986110786
E02002880,E02002893,48,0,0,0,14,1,0,24,3,0,6,0,2873.225054939564,0.01978005387841114
E02002880,E02002895,49,0,2,1,24,0,1,10,5,2,4,0,3900.4372841403547,0.018679261727718333
E02002880,E02002896,51,0,1,0,18,0,3,25,3,1,0,0,6352.758432717345,0.023332816547222458
E02002880,E02002898,168,0,0,1,66,0,4,55,26,10,3,3,4319.799412824722,0.025477052779168678
E02002880,E02002899,44,0,0,0,9,0,1,24,4,3,3,0,5076.157642659131,0.017061349790676705
E02002880,E02006904,215,0,2,1,110,2,2,62,14,10,12,0,5789.754733801859,0.018156600667895144
E02002880,E02006905,87,0,0,0,24,2,0,52,4,3,2,0,6286.2551389778155,0.02327296686961682
E02002881,E02002869,50,0,0,0,18,0,0,22,5,2,3,0,5460.072228569253,0.02737367771589574
E02002881,E02002871,15,0,0,0,5,0,1,6,1,0,2,0,4970.863131075258,0.017253520596829924
E02002881,E02002872,33,0,0,0,7,1,1,18,1,2,3,0,4158.798850770427,0.022275784724548976
E02002881,E02002874,31,0,0,0,7,0,0,19,3,0,2,0,6317.025168243448,0.021164292178892107
E02002881,E02002875,14,0,0,0,5,0,0,6,3,0,0,0,4235.586819179479,0.022710474019141422
E02002881,E02002876,16,0,0,0,4,0,0,10,1,1,0,0,3031.554741638116,0.025172793434557347
E02002881,E02002877,12,0,0,0,2,0,0,5,2,1,1,1,6262.086900742421,0.018426944797282272
E02002881,E02002878,36,0,0,0,4,0,0,10,1,0,21,0,1491.1990520134823,0.018457492162086246
E02002881,E02002879,18,0,0,0,5,0,1,9,1,0,2,0,4975.903519432543,0.03176426929785142
E02002881,E02002881,105,0,1,0,7,0,0,39,5,0,52,1,0,0.026483947572602133
E02002881,E02002884,27,0,0,0,8,0,0,17,0,0,0,2,5300.167031829392,NaN
E02002881,E02002885,43,0,1,0,13,0,0,22,5,1,1,0,4307.923484701981,0.0190233112894309
E02002881,E02002886,37,0,0,0,12,0,1,13,2,1,7,1,2821.0880637096006,0.01860909393806686
E02002881,E02002887,129,0,0,0,12,1,1,51,5,5,54,0,1684.5553765838347,0.01856742051198895
E02002881,E02002888,15,0,0,0,8,1,0,6,0,0,0,0,7716.895938736654,0.021371537577728514
E02002881,E02002889,56,0,1,0,28,0,1,17,4,1,1,3,5177.157080400335,0.015261789391027554
E02002881,E02002890,58,0,0,0,37,0,1,12,1,4,3,0,6609.356147166262,0.018337091767909007
E02002881,E02002892,57,0,0,0,4,0,1,21,6,11,13,1,2216.7700359329947,0.020100373809766224
E02002881,E02002893,30,0,0,0,11,0,0,15,1,1,2,0,4793.271676134168,0.03542050902586265
E02002881,E02002895,35,0,0,0,21,0,0,12,2,0,0,0,5855.311757863273,0.028733937531851547
E02002881,E02002896,32,0,0,0,10,2,2,17,0,1,0,0,7992.986351344077,0.021880997503149247
E02002881,E02002897,15,0,0,0,5,0,1,4,2,1,2,0,3816.4626550906437,0.026527733971014465
E02002881,E02002898,107,0,1,0,33,0,2,62,5,4,0,0,5829.706362483717,0.014870765927054
E02002881,E02002899,40,0,0,0,17,0,0,16,4,0,3,0,5545.3278870366985,NaN
E02002881,E02006904,178,0,6,1,86,1,1,59,12,3,8,1,7888.006415218091,0.020321967505138747
E02002881,E02006905,54,0,0,0,22,0,1,27,2,0,2,0,7796.162088636811,0.03529152520129162
E02002882,E02002869,22,0,0,0,8,0,0,14,0,0,0,0,6523.997092804547,0.03545840194411666
E02002882,E02002871,13,0,0,0,1,0,0,10,1,0,1,0,5165.9905262226175,0.0339816678529001
E02002882,E02002872,23,0,4,0,8,0,0,11,0,0,0,0,6025.108448643093,0.026751893084722964
E02002882,E02002874,97,0,0,0,19,0,0,59,3,4,12,0,3051.9067687884444,0.023844149145937334
E02002882,E02002875,12,0,0,0,5,0,0,4,0,1,2,0,3693.1554204536114,0.04423566381719571
E02002882,E02002876,23,0,1,0,4,0,0,8,0,6,4,0,3964.2863938710407,0.03489314909499814
E02002882,E02002877,71,0,0,1,11,1,1,33,1,3,20,0,2160.9175941467115,0.01865957284336785
E02002882,E02002879,58,0,0,0,8,2,0,28,5,2,13,0,2075.0527182342867,0.025052752525805133
E02002882,E02002881,19,0,0,0,3,0,0,14,0,2,0,0,6358.4482123198395,0.03195909653263675
E02002882,E02002882,87,0,0,1,16,0,0,32,2,0,36,0,0,0.03589504243821377
E02002882,E02002883,28,0,0,0,5,0,0,9,1,0,13,0,2062.1058432235277,0.021984646222860994
E02002882,E02002884,78,0,1,0,5,0,0,24,2,2,44,0,935.4985293866979,0.025328219672269107
E02002882,E02002885,35,0,1,0,2,0,0,18,0,3,11,0,2175.436295572475,0.02810204355506696
E02002882,E02002886,26,0,0,0,5,0,0,17,2,2,0,0,3518.0407603596273,0.027397768237384216
E02002882,E02002887,32,0,1,0,9,0,1,19,1,0,1,0,5530.004670926605,0.03543027227494128
E02002882,E02002888,18,0,0,1,3,0,0,7,1,2,4,0,1481.2303775205617,0.030012826367931917
E02002882,E02002889,245,0,1,2,59,1,0,71,13,10,88,0,1584.4632628870258,0.01893737419992322
E02002882,E02002890,215,0,1,1,64,1,0,42,6,8,92,0,1706.8890852336644,0.04476871645677907
E02002882,E02002892,13,0,0,0,2,0,0,10,1,0,0,0,6978.447222229844,0.038979714058199916
E02002882,E02002893,28,0,0,0,9,0,0,11,2,1,5,0,2659.6586685831503,0.02604629334039274
E02002882,E02002895,124,0,0,1,34,1,0,48,3,7,30,0,2679.3302510002077,0.018139667749108374
E02002882,E02002896,49,0,0,0,14,1,0,23,2,0,9,0,3004.382304024925,0.024273718918404706
E02002882,E02002898,148,0,0,1,32,0,0,84,6,17,7,1,3711.036319372146,0.01788880507788041
E02002882,E02002899,100,0,0,0,20,0,0,53,7,11,9,0,5915.393261270512,0.020914268418283324
E02002882,E02006904,544,0,7,5,162,1,2,119,14,32,200,2,2953.1453790073874,0.017622685287721422
E02002882,E02006905,109,0,0,0,32,0,1,53,2,6,15,0,3740.188741710343,0.018290753646759264
E02002883,E02002869,23,0,0,1,5,0,0,16,0,1,0,0,7846.823524930759,0.033641825781884876
E02002883,E02002871,14,0,0,0,2,1,0,7,1,1,2,0,6384.855586898344,0.022869007239762176
E02002883,E02002872,21,0,1,0,4,0,0,14,2,0,0,0,8138.394167391759,0.018234414872965874
E02002883,E02002874,78,0,0,0,23,0,1,47,3,1,3,0,3503.227173815712,0.01935629356195269
E02002883,E02002875,11,0,0,0,1,0,0,9,0,1,0,0,5333.843071501611,0.0241705151609701
E02002883,E02002876,11,0,0,0,1,0,0,9,1,0,0,0,5977.928616308212,0.021821534639417307
E02002883,E02002877,51,0,1,0,7,0,1,32,3,0,7,0,2713.843121712202,0.02435860853513749
E02002883,E02002879,36,0,0,1,8,1,0,20,1,3,2,0,3947.5516383690638,0.017371149554529366
E02002883,E02002881,25,0,0,0,5,0,0,17,0,1,2,0,7961.838751681103,0.02590338885476663
E02002883,E02002882,42,0,0,0,5,2,0,16,1,1,17,0,2062.1058432235286,0.027948275662509552
E02002883,E02002883,128,0,0,0,27,0,1,50,11,3,36,0,0,0.02316504027624755
E02002883,E02002884,33,0,0,0,7,1,0,20,2,0,3,0,2997.604372610227,0.017525336271997122
E02002883,E02002885,32,0,4,0,6,0,0,19,1,0,2,0,4023.2962530894824,0.018087462982381636
E02002883,E02002886,21,0,0,0,4,0,1,13,1,0,2,0,5233.337185686317,0.024630547016824492
E02002883,E02002887,27,0,0,0,7,0,1,12,3,1,3,0,7203.98735976588,0.02685091961516301
E02002883,E02002888,39,0,0,0,6,0,0,16,3,1,13,0,672.7319324844073,0.020334519713720987
E02002883,E02002889,131,0,0,0,67,2,1,40,4,2,14,1,3041.9786215539884,0.01769747368464878
E02002883,E02002890,170,0,0,0,75,1,0,46,8,4,36,0,1624.6787311075736,0.02443016502495232
E02002883,E02002891,15,0,0,0,2,0,0,7,2,0,4,0,2039.6067061288434,0.028811750689234146
E02002883,E02002892,18,0,0,0,6,0,0,11,0,0,1,0,8652.429911069119,0.01667610858176021
E02002883,E02002893,28,0,0,0,7,1,0,16,1,1,2,0,4333.6413574224225,0.02298218993754752
E02002883,E02002895,87,0,0,0,27,2,1,34,6,3,14,0,3944.363923002324,0.020792201552241842
E02002883,E02002896,94,0,0,1,23,4,0,47,6,3,10,0,2569.266446968314,0.022681551390544622
E02002883,E02002898,129,0,0,0,34,0,0,73,9,9,2,2,4568.833114941872,0.0263186339554188
E02002883,E02002899,41,0,0,0,13,0,0,21,0,3,4,0,7319.197591636337,0.018265675065354973
E02002883,E02006904,393,0,1,0,172,3,4,135,22,10,46,0,2963.1524814702825,0.017125572316085417
E02002883,E02006905,94,0,0,0,31,0,0,46,8,4,5,0,4079.7194928235485,0.03362150495851858
E02002884,E02002869,11,0,1,0,1,0,0,7,0,0,2,0,5588.498563417846,0.027881488655861025
E02002884,E02002871,13,0,0,0,11,0,0,2,0,0,0,0,4230.49199683592,0.01860909393806686
E02002884,E02002872,20,0,0,1,11,0,0,7,0,1,0,0,5089.609919256392,0.016076813272165428
E02002884,E02002874,35,0,1,1,14,0,0,11,1,2,5,0,2712.745072040801,NaN
E02002884,E02002876,21,0,2,0,4,0,0,7,1,0,6,1,3028.7878644843413,0.019036358076133807
E02002884,E02002877,24,0,1,0,4,0,1,6,0,0,11,1,1821.7558973990679,0.02027465096021354
E02002884,E02002879,45,0,1,0,2,0,0,9,1,0,31,1,1139.554188847589,0.018490300540618843
E02002884,E02002881,12,0,0,0,1,0,0,4,1,2,4,0,5422.949682933142,0.02071050847657419
E02002884,E02002882,31,0,0,0,2,1,0,4,0,0,24,0,935.4985293866981,0.01846541958985125
E02002884,E02002884,107,0,5,2,15,0,0,19,3,3,59,1,0,0.024612384559292547
E02002884,E02002885,70,0,1,0,0,1,0,24,2,0,42,0,1239.9377661857775,0.018219978009697036
E02002884,E02002886,12,0,0,0,4,0,0,3,2,0,3,0,2582.5422309729292,0.022666065671997485
E02002884,E02002887,17,0,0,0,7,0,0,7,1,1,1,0,5046.708974254355,0.021923818881712433
E02002884,E02002888,24,0,0,0,8,1,1,10,0,0,4,0,2416.7289069072594,0.019129583120429852
E02002884,E02002889,124,0,11,0,22,4,0,32,4,6,43,2,1590.7289308166862,0.020212006672811932
E02002884,E02002890,131,0,10,2,38,0,0,18,5,9,48,1,2024.2967228086268,NaN
E02002884,E02002891,12,0,1,0,0,0,0,9,0,0,2,0,4094.0331057630956,0.023459332615234762
E02002884,E02002893,38,0,0,0,6,0,0,16,3,3,10,0,2336.2220215661596,0.02572332608364521
E02002884,E02002895,75,0,11,1,10,0,0,18,3,5,27,0,2446.334867258528,0.0211532935026894
E02002884,E02002896,51,0,0,0,9,1,1,23,0,6,11,0,3492.6515253309003,0.017341726565083114
E02002884,E02002898,117,0,1,0,35,2,0,42,4,14,19,0,3492.4932406311486,0.01748025462195193
E02002884,E02002899,34,0,0,0,9,0,1,8,1,12,3,0,6081.773548393354,0.02219415531240717
E02002884,E02006904,337,0,64,1,83,2,1,37,21,35,89,4,2977.8038358807285,0.024435070783800635
E02002884,E02006905,64,0,4,0,14,0,0,26,3,3,12,2,3764.847198583684,0.018899808330984886
E02002885,E02002869,21,0,2,0,5,0,0,8,2,0,4,0,5378.87520764725,0.017454870323289042
E02002885,E02002871,13,0,1,0,5,0,0,5,1,0,1,0,3983.4229172969563,0.02221567036019272
E02002885,E02002872,21,0,4,1,5,1,0,7,0,1,0,2,4879.986563485797,0.02637051239547084
E02002885,E02002874,36,0,0,0,11,0,0,9,6,3,7,0,3759.1648465289873,0.015910700995440546
E02002885,E02002876,13,0,3,0,1,0,0,7,0,0,2,0,2615.4486174062454,0.024889294877586607
E02002885,E02002877,12,0,3,0,4,0,0,4,0,0,1,0,2845.8226078962102,0.020651797981634783
E02002885,E02002879,47,0,1,1,6,0,0,14,1,1,23,0,1559.6392265863321,0.021885263451169056
E02002885,E02002882,17,0,0,0,3,0,0,5,2,1,6,0,2175.436295572476,0.024251532260723123
E02002885,E02002884,55,0,3,1,5,0,0,14,4,2,25,1,1239.9377661857775,0.015036861728885357
E02002885,E02002885,181,0,1,1,19,2,0,28,5,3,122,0,0,0.02425588932809235
E02002885,E02002886,28,0,0,0,4,0,2,10,2,0,10,0,1603.9303871473269,0.030644539870929466
E02002885,E02002887,25,0,1,0,7,0,0,10,0,2,5,0,3972.501276860588,0.025472178245019687
E02002885,E02002888,13,0,0,0,7,0,0,5,0,0,1,0,3327.8296750110953,0.01620201565137562
E02002885,E02002889,173,0,32,3,25,6,1,33,6,6,59,2,1213.54268557819,0.02152012346381915
E02002885,E02002890,101,0,21,1,24,0,0,12,3,4,36,0,2714.433740242525,0.017043836156349527
E02002885,E02002892,14,0,0,0,4,0,0,4,2,2,2,0,NA,0.021109950010471026
E02002885,E02002893,63,0,3,0,10,1,0,20,2,0,27,0,1394.3229209333244,0.03110485438473061
E02002885,E02002895,79,0,17,1,14,0,0,17,4,1,25,0,1657.2734716804348,0.02006255999474691
E02002885,E02002896,46,0,5,1,8,0,0,22,1,1,7,1,4029.3719565219326,0.023406212009284586
E02002885,E02002898,118,0,8,0,44,1,0,30,10,4,21,0,2658.9078651535388,0.02392620176255411
E02002885,E02002899,40,0,3,0,7,0,0,14,3,7,6,0,5139.87444776052,0.039635129950495576
E02002885,E02006835,17,0,3,0,2,0,0,4,5,1,2,0,NA,0.0359938662795657
E02002885,E02006904,350,0,117,3,75,1,0,42,18,14,75,5,3269.182694270909,0.027351644778780562
E02002885,E02006905,85,0,6,1,17,0,1,34,9,5,12,0,3995.2252775798574,0.02967267412619233
E02002886,E02002869,31,0,2,0,6,0,0,20,2,0,1,0,5668.978404837093,0.03060839274809921
E02002886,E02002871,15,0,0,0,3,2,0,9,1,0,0,0,4333.727960169063,0.03529152520129162
E02002886,E02002872,29,0,0,0,8,0,0,19,0,1,1,0,5170.08976067564,0.023585293764149785
E02002886,E02002874,54,0,0,0,11,0,0,30,7,1,5,0,4281.458440326803,NaN
E02002886,E02002875,15,0,0,0,4,0,0,5,0,1,5,0,3086.0965734314086,0.04034223572915289
E02002886,E02002876,30,0,1,0,2,0,0,18,2,0,7,0,2640.3728416630343,0.03678161220184775
E02002886,E02002877,20,0,0,0,5,2,0,10,2,0,1,0,3863.3841332331544,0.03330515510377344
E02002886,E02002879,37,0,1,0,4,1,0,24,0,1,6,0,2577.2007519232766,0.026455896122856044
E02002886,E02002881,33,0,0,1,10,0,0,17,1,0,4,0,2821.272574968658,0.03123779786839446
E02002886,E02002882,22,0,0,0,4,0,0,16,0,1,1,0,3493.716803178557,0.043176623573936784
E02002886,E02002883,18,0,0,0,1,0,0,12,2,0,3,0,5377.192816874299,0.022126066500733482
E02002886,E02002884,38,0,1,0,1,0,0,26,2,3,5,0,2558.2182737918583,0.029897582098764516
E02002886,E02002885,101,0,0,0,5,1,0,59,6,1,28,1,1579.6064299662562,0.0318801477386558
E02002886,E02002886,154,0,1,0,12,1,0,55,4,6,74,1,0,0.044485107698835805
E02002886,E02002887,69,0,2,0,6,0,0,43,5,3,10,0,2624.010651518988,0.034860909309649246
E02002886,E02002889,117,0,5,0,41,3,1,52,3,3,9,0,2448.8400256646114,0.035422302924352465
E02002886,E02002890,113,0,9,0,44,1,0,41,6,1,11,0,3881.03909243054,0.03244783315104052
E02002886,E02002892,34,0,0,0,6,0,0,24,2,1,1,0,4072.453202822226,0.031089817218555412
E02002886,E02002893,96,0,0,0,13,0,1,44,9,0,29,0,1785.1359188305726,0.037339399172046636
E02002886,E02002894,24,0,0,0,2,0,0,5,2,0,15,0,2620.928681610289,0.02967932000064292
E02002886,E02002895,83,0,4,0,25,2,0,32,7,4,8,1,2812.348148031364,0.02328588872994776
E02002886,E02002896,59,0,1,0,15,3,1,36,1,0,2,0,5264.669296608353,0.05062209434275708
E02002886,E02002898,187,0,1,1,34,0,1,91,15,18,24,2,3171.378387582513,0.043807319824982045
E02002886,E02002899,79,0,0,0,10,0,0,33,2,8,25,1,4389.195329289819,0.02847023777298437
E02002886,E02006904,273,0,31,0,112,3,1,82,15,9,19,1,4701.665597692869,0.024081256144533297
E02002886,E02006905,107,0,3,0,22,1,1,55,9,7,8,1,5068.185193325954,0.024626454191849712
E02002887,E02002869,24,0,2,0,5,0,0,14,1,1,1,0,6006.908875752944,0.022113354008247432
E02002887,E02002871,14,0,0,0,4,0,0,9,1,0,0,0,5973.491758734926,0.03678959737931492
E02002887,E02002872,35,0,0,0,7,0,0,18,6,0,4,0,5495.509598743384,0.03415288356471963
E02002887,E02002874,33,0,1,0,8,0,1,20,1,2,0,0,6367.222479157415,0.03624777950287608
E02002887,E02002875,12,0,0,0,1,0,0,10,0,0,1,0,4725.860371997273,0.029114845471617138
E02002887,E02002876,16,0,0,0,1,0,0,13,0,1,0,1,3622.4156330654832,0.041892295823027385
E02002887,E02002877,18,0,0,0,6,0,1,8,2,0,1,0,6120.5164417769065,0.04656101183429398
E02002887,E02002878,19,0,1,0,3,0,0,7,0,0,8,0,2336.1620819307054,0.03633984519958179
E02002887,E02002879,15,0,0,0,2,0,0,10,0,2,0,1,4834.333060467029,0.03455566469280215
E02002887,E02002880,12,0,0,0,0,2,0,4,2,2,2,0,1912.6216905537294,0.04881428542286852
E02002887,E02002881,29,0,0,0,1,0,0,14,2,1,11,0,1716.512091035348,0.03545840194411666
E02002887,E02002884,19,0,0,0,5,0,0,14,0,0,0,0,4880.654122722724,0.025260173283336178
E02002887,E02002885,28,0,1,0,8,0,1,12,5,0,1,0,3902.042278897123,0.04034223572915289
E02002887,E02002886,63,0,0,0,4,0,0,28,6,3,21,1,2586.340117481659,NaN
E02002887,E02002887,158,0,0,1,15,1,0,61,7,9,63,1,0,0.03925217761416932
E02002887,E02002889,47,0,0,1,27,0,0,17,1,0,1,0,4251.659873649332,0.03386796378263592
E02002887,E02002890,61,0,1,0,28,0,0,22,5,1,4,0,5683.85894041526,0.029100768761956258
E02002887,E02002892,48,0,0,0,5,0,0,20,4,4,15,0,1487.1920329952377,0.023039734906763296
E02002887,E02002893,37,0,0,0,8,0,0,22,2,1,4,0,3171.939587306364,0.02109213874089937
E02002887,E02002894,16,0,0,0,2,1,0,7,1,2,3,0,1488.3811875990218,0.024573438001663245
E02002887,E02002895,30,0,1,0,15,1,0,12,1,0,0,0,4233.979669035472,0.03174603393685513
E02002887,E02002896,40,0,0,0,12,0,1,23,2,1,1,0,7067.489144593074,0.034380922521825064
E02002887,E02002897,13,0,0,0,6,0,0,5,0,0,2,0,2646.4648166122793,0.04556212604920698
E02002887,E02002898,140,0,0,0,45,0,4,55,18,12,6,0,4208.374273655913,0.02599121248373868
E02002887,E02002899,41,0,0,0,9,0,0,15,2,8,7,0,3923.5420275997767,0.026923756851316587
E02002887,E02006904,155,0,4,1,80,3,0,48,7,4,7,1,6266.674326390288,0.039264949175445533
E02002887,E02006905,73,0,0,0,13,1,0,48,6,2,3,0,6174.829999809007,0.036894308288345994
E02002888,E02002872,23,0,7,0,5,0,0,5,4,2,0,0,7506.33882616366,0.02741474683552839
E02002888,E02002874,32,0,0,1,15,0,0,12,0,1,3,0,3777.46715103543,0.021679435657379856
E02002888,E02002876,14,0,0,0,6,0,0,5,2,0,1,0,5445.5167713916,0.025953021433233248
E02002888,E02002877,22,0,0,0,7,0,0,8,2,1,4,0,2988.0830989319206,0.04661260269778397
E02002888,E02002879,19,0,0,0,4,0,0,11,2,1,1,0,3556.283095754851,0.02884993734396117
E02002888,E02002881,14,0,0,0,4,0,0,9,1,0,0,0,7301.407835690049,0.026105170290993046
E02002888,E02002882,32,0,0,0,8,0,0,9,0,0,15,0,1481.2303775205617,0.02674021766691957
E02002888,E02002883,33,0,0,0,3,0,0,17,1,1,11,0,672.7319324844073,0.027305911026935054
E02002888,E02002884,38,0,0,1,10,0,0,16,5,1,5,0,2416.728906907261,0.024530744697183502
E02002888,E02002885,21,0,3,0,1,1,0,7,4,0,5,0,3362.865337098427,0.022437881597397107
E02002888,E02002886,21,0,0,0,6,0,0,11,0,1,2,1,4572.906269695263,0.017256220216077225
E02002888,E02002887,12,0,0,0,4,0,0,5,2,1,0,0,6543.556443774824,0.020419531795458357
E02002888,E02002888,125,0,1,0,20,1,0,35,5,0,63,0,0,0.021551859123383033
E02002888,E02002889,97,0,2,1,41,0,0,15,3,1,34,0,2369.2466890695796,0.028951226843071946
E02002888,E02002890,173,0,1,0,49,4,0,38,2,5,73,1,951.9467986231662,0.03314420008240208
E02002888,E02002893,31,0,0,0,7,0,0,11,0,1,12,0,3673.2104414313685,0.024088691009653638
E02002888,E02002895,60,0,1,0,19,1,0,14,3,2,20,0,3271.631990517917,0.02735002648512772
E02002888,E02002896,65,0,0,0,15,1,0,17,3,2,27,0,1900.2940553913177,0.02536965426909869
E02002888,E02002898,105,0,0,1,41,1,3,34,7,7,11,0,3896.1011824574657,0.0339816678529001
E02002888,E02002899,21,0,0,0,11,0,0,8,1,1,0,0,6646.465659151929,0.021353256278762417
E02002888,E02006904,339,0,1,2,100,2,1,57,12,12,151,1,2287.93787707132,0.03678161220184775
E02002888,E02006905,86,0,0,0,28,0,0,29,6,12,11,0,3406.987560339142,0.03925217761416932
E02002889,E02002869,15,0,1,0,9,0,1,3,0,1,0,0,6529.712748133695,NaN
E02002889,E02002872,12,0,6,0,3,0,0,1,0,1,1,0,6030.824103972241,0.020945503786494332
E02002889,E02002874,18,0,1,0,4,0,0,7,3,0,3,0,4158.602026133687,0.018896703217329492
E02002889,E02002876,13,0,0,0,7,0,0,3,0,0,3,0,3766.2861578926895,0.04504310061696464
E02002889,E02002877,19,0,0,0,5,0,0,10,0,1,3,0,3267.6128514919524,0.035361840695765284
E02002889,E02002879,18,0,1,0,5,0,1,5,0,0,6,0,2501.8826538885137,0.021213006773822384
E02002889,E02002881,13,0,0,0,2,0,0,11,0,0,0,0,5118.28957369715,0.02791465605864807
E02002889,E02002882,15,0,0,0,5,0,0,3,0,0,7,0,1584.4632628870254,0.04083085427920343
E02002889,E02002884,18,0,0,0,2,0,0,6,0,0,10,0,1589.0416169502498,0.03646694190124241
E02002889,E02002885,38,0,2,0,4,0,0,15,1,1,15,0,1213.5426855781898,0.028539454094301073
E02002889,E02002886,12,0,0,0,6,0,0,3,1,0,2,0,2389.7880077023674,0.027760002134875866
E02002889,E02002887,12,0,1,0,4,0,0,1,0,1,4,1,4297.794914431729,0.030632679344736853
E02002889,E02002888,14,0,0,0,3,0,0,7,0,2,2,0,2401.8843851256247,0.02953575319075401
E02002889,E02002889,256,0,4,0,29,1,0,26,1,4,190,1,0,0.035939201008615314
E02002889,E02002890,204,0,2,2,17,1,1,11,0,5,163,2,1432.1990667659293,0.028930372235272495
E02002889,E02002892,11,0,0,0,4,0,0,4,1,1,1,0,5746.237465734967,0.022217626413742596
E02002889,E02002893,42,0,0,0,5,0,0,13,1,1,22,0,1362.3588668277268,0.04752003617410815
E02002889,E02002895,97,0,5,0,10,0,1,16,4,4,57,0,1092.755515493013,0.04113947582068796
E02002889,E02002896,26,0,1,1,0,0,3,8,1,1,9,2,2815.829270943743,0.026675662649530186
E02002889,E02002898,109,0,0,1,32,1,0,33,6,10,26,0,2160.907890343283,0.022980780068602023
E02002889,E02002899,65,0,0,0,20,0,0,17,0,4,24,0,4397.167729311307,0.02313268759348031
E02002889,E02006904,515,0,33,1,56,1,0,46,9,19,350,0,2055.640008692718,0.021215453704136415
E02002889,E02006905,54,0,1,0,13,1,0,20,1,5,13,0,2781.6825920016677,0.018627244107137474
E02002890,E02002869,15,0,3,0,5,0,0,5,0,0,2,0,7608.77839891338,0.012209300076686016
E02002890,E02002872,16,0,4,0,6,0,0,5,0,1,0,0,7109.889754751927,0.01487418134534215
E02002890,E02002874,43,0,0,0,22,0,0,18,0,0,3,0,4501.914325537961,0.016069061519456813
E02002890,E02002877,26,0,0,0,10,0,0,9,1,0,6,0,3610.9251508962275,0.022364710316575512
E02002890,E02002879,29,0,3,1,10,0,0,9,1,1,4,0,3159.834024343119,0.01657698074975346
E02002890,E02002882,32,0,0,0,9,0,0,7,0,0,16,0,1706.889085233665,0.014710147968623829
E02002890,E02002883,23,0,0,0,10,0,0,7,0,1,5,0,1624.220048302444,0.018638706710399786
E02002890,E02002884,37,0,0,0,10,0,0,17,0,0,10,0,2020.279835495529,0.0217454884744794
E02002890,E02002885,34,0,4,0,14,0,0,7,1,0,8,0,2706.075063766711,0.02722127954491153
E02002890,E02002886,12,0,0,0,8,0,0,3,0,0,1,0,3882.3203858908882,0.018379320018668672
E02002890,E02002888,36,0,0,0,7,0,0,12,1,0,16,0,951.4881158180366,0.03442656768615513
E02002890,E02002889,227,0,5,0,22,2,1,17,1,2,173,4,1492.5323781885215,0.03451856349792495
E02002890,E02002890,396,0,1,3,40,2,0,45,11,3,287,4,0,0.020945503786494332
E02002890,E02002892,14,0,0,0,6,0,0,4,2,2,0,0,7238.769843923487,NaN
E02002890,E02002893,36,0,0,0,15,0,0,12,0,1,8,0,2789.920791440213,0.015558256594230473
E02002890,E02002895,80,0,1,0,6,3,0,10,4,2,54,0,2349.3959104288133,0.04167926608545095
E02002890,E02002896,84,0,0,0,18,0,0,19,6,3,38,0,1468.3548025222735,0.030894175269011705
E02002890,E02002898,110,0,0,0,61,2,0,26,2,6,13,0,2944.154383834301,0.014919410207850323
E02002890,E02002899,68,0,0,0,36,0,0,10,4,6,12,0,5694.518860528768,0.026383887662934327
E02002890,E02006904,626,0,7,4,69,5,3,70,15,12,438,3,1398.33898433467,0.03693161351057661
E02002890,E02006905,84,0,0,2,39,0,0,17,2,4,20,0,2455.040761715975,0.03631548461990756
E02002891,E02002869,21,0,0,0,3,0,0,15,1,0,2,0,9721.342341260879,0.027943329726754545
E02002891,E02002872,27,0,0,1,3,1,0,19,2,0,1,0,9183.859271064393,0.027317388098575313
E02002891,E02002874,36,0,0,0,10,0,0,22,1,2,1,0,5167.043477352731,0.020575269198467458
E02002891,E02002875,16,0,0,1,1,0,1,12,0,0,1,0,6851.906242874912,0.020663375141415835
E02002891,E02002876,12,0,0,0,1,0,1,7,2,0,1,0,7123.037216292342,0.03540916077276963
E02002891,E02002877,29,0,0,0,1,2,0,22,2,0,2,0,4437.399331175014,0.0362294997153369
E02002891,E02002879,14,0,0,0,2,0,0,10,1,0,1,0,5233.803540655588,0.01390100859209795
E02002891,E02002881,15,0,0,0,1,0,0,12,2,0,0,0,9065.145910140718,0.04146586230924858
E02002891,E02002882,21,0,0,0,8,1,0,10,2,0,0,0,3158.7508224213016,0.03570694594794265
E02002891,E02002883,21,0,0,0,6,0,0,8,2,0,5,0,2045.7918746292496,0.019823816625066975
E02002891,E02002884,30,0,1,0,4,0,0,20,4,1,0,0,4094.249351808,0.021143158210887348
E02002891,E02002885,28,0,0,0,6,0,0,17,2,0,3,0,5126.603411549106,0.016814098650814843
E02002891,E02002886,21,0,0,0,3,0,0,16,1,1,0,0,6336.644344145937,0.01975345368108172
E02002891,E02002887,31,0,0,0,5,0,0,23,1,1,1,0,8307.294518225503,0.017606330698895074
E02002891,E02002888,27,0,0,0,6,0,0,13,3,0,5,0,1761.9238372084938,0.01147887621463315
E02002891,E02002889,101,0,0,0,47,2,1,28,8,4,11,0,4100.360093488241,0.013745064697140999
E02002891,E02002890,159,0,1,0,76,0,0,61,1,2,18,0,2544.9939956880494,0.015051423858404321
E02002891,E02002891,136,0,0,0,11,1,1,51,9,0,63,0,0,0.01955755959846177
E02002891,E02002892,12,0,0,0,4,0,0,7,0,1,0,0,9755.737069528745,0.014381276160384615
E02002891,E02002893,45,0,0,1,11,0,0,31,2,0,0,0,5436.94851588205,0.012949489092020903
E02002891,E02002895,72,0,1,0,33,0,0,21,5,1,11,0,4570.141686240453,0.014808122748784744
E02002891,E02002896,194,0,0,0,38,6,2,94,15,4,32,3,1389.6990012433885,0.021211140015714613
E02002891,E02002898,156,0,0,0,49,0,1,85,8,9,2,2,5051.044457015658,0.02429464351366049
E02002891,E02002899,34,0,0,0,9,0,0,20,2,2,1,0,7736.925554060728,0.017691571209173525
E02002891,E02006904,392,0,1,1,164,2,6,134,26,11,46,1,2719.020437974679,0.024195091335422792
E02002891,E02006905,102,0,0,0,30,0,4,46,15,3,4,0,3971.7834599261773,0.029860867596634432
E02002892,E02002869,34,0,0,0,9,0,2,14,3,2,4,0,7260.9990216087845,0.01968137879746462
E02002892,E02002872,26,0,0,0,3,0,0,19,1,2,1,0,5959.7256438099585,0.01677762869399894
E02002892,E02002874,46,0,0,0,13,0,0,27,3,0,3,0,7852.764195052303,NaN
E02002892,E02002875,18,0,0,0,3,0,0,11,2,0,1,1,5978.016017098775,0.027382050934684706
E02002892,E02002879,18,0,0,0,2,0,0,12,1,0,3,0,6319.874776361917,0.02913107471323367
E02002892,E02002881,25,0,0,1,5,0,0,15,1,0,3,0,2215.8010783083764,0.01557315413945826
E02002892,E02002882,13,0,0,0,2,0,0,11,0,0,0,0,7035.319264469688,0.01711599169545868
E02002892,E02002884,18,0,0,0,6,0,0,11,0,0,1,0,6366.195838617612,0.026737463248509168
E02002892,E02002885,29,0,1,0,6,0,0,15,2,1,4,0,5387.583994792008,0.03095393152402033
E02002892,E02002886,40,0,0,0,16,0,0,18,3,2,1,0,4071.8818333765457,0.015946372993123795
E02002892,E02002887,66,0,0,0,9,0,1,32,2,5,17,0,1485.5417158948876,0.02295641995538529
E02002892,E02002889,46,0,0,0,24,1,0,12,1,5,3,0,5737.201589544221,0.0187985182782783
E02002892,E02002890,55,0,0,0,27,0,0,18,4,1,5,0,7169.400656310148,0.019626575777360437
E02002892,E02002892,137,0,0,0,10,1,2,53,7,5,59,0,0,0.02812841763666326
E02002892,E02002893,27,0,0,0,8,0,0,14,0,3,2,0,4657.481303201252,0.01819111226011186
E02002892,E02002894,28,0,0,0,6,0,0,13,2,4,3,0,2550.2452005929395,0.014392197371956456
E02002892,E02002895,34,0,0,0,14,0,1,18,1,0,0,0,5719.521384930356,0.03617009520306988
E02002892,E02002896,40,0,0,0,15,1,1,20,2,1,0,0,8553.030860487965,0.030049832218691248
E02002892,E02002897,40,0,0,2,3,0,0,17,2,1,15,0,1599.692619157648,0.018704994492034697
E02002892,E02002898,139,0,0,1,47,0,2,73,10,3,3,0,5275.375257669933,0.011711855177634154
E02002892,E02002899,59,0,0,0,17,0,0,32,6,4,0,0,3681.7912378298097,0.018137632172659887
E02002892,E02006904,165,0,6,0,72,0,3,68,8,3,5,0,7398.529628407099,0.014109564362316949
E02002892,E02006905,65,0,0,0,19,0,2,35,4,3,2,0,7300.957734813341,0.01933313309295718
E02002893,E02002869,21,0,1,0,3,0,0,14,0,0,3,0,6749.550550575429,0.01787908627673103
E02002893,E02002872,17,0,0,0,8,0,0,6,1,2,0,0,6250.661906413975,0.017036445634560457
E02002893,E02002874,47,0,0,0,18,0,0,17,1,3,8,0,5129.840189457163,0.020632877614490227
E02002893,E02002875,12,0,2,0,1,0,0,4,3,2,0,0,4078.0908965842054,0.020252056133900725
E02002893,E02002876,16,0,0,0,3,1,0,7,1,2,2,0,3737.986079591225,0.014546988696437727
E02002893,E02002877,14,0,0,0,6,0,0,8,0,0,0,0,4216.497950824389,0.017371669601475914
E02002893,E02002879,32,0,0,0,4,1,0,9,0,2,15,1,2930.31456951451,0.020347408081987203
E02002893,E02002882,13,0,0,0,9,0,0,2,0,0,2,0,2659.6586685831494,0.018132838164229132
E02002893,E02002884,34,0,0,0,3,0,0,16,2,0,13,0,2416.4279731988922,0.018980209770946825
E02002893,E02002885,83,0,0,0,7,0,0,18,6,1,51,0,1394.3229209333251,0.02399211875568953
E02002893,E02002886,21,0,0,0,3,0,0,8,0,0,10,0,1698.497300293431,0.02320961320731572
E02002893,E02002887,35,0,0,0,19,0,0,8,2,0,6,0,3218.0746280887597,0.02588732973567345
E02002893,E02002888,17,0,0,1,6,1,0,7,1,0,1,0,3673.2104414313667,0.015992088553210344
E02002893,E02002889,169,0,2,1,47,3,1,45,9,3,57,1,1361.540993657681,0.013891380674502145
E02002893,E02002890,156,0,1,0,56,0,1,31,4,2,60,1,2700.1163819379776,0.012488656171481323
E02002893,E02002892,19,0,0,0,6,0,0,6,2,4,1,0,4666.517179391999,0.022571252110530717
E02002893,E02002893,204,0,1,0,35,3,0,54,12,4,94,1,0,0.025041905915042923
E02002893,E02002894,20,0,0,0,8,0,0,3,0,2,7,0,2208.496396827149,0.017846810463628477
E02002893,E02002895,110,0,1,0,24,0,0,23,7,8,46,1,1062.0400817291068,0.01500708144794944
E02002893,E02002896,83,0,1,0,34,2,0,36,3,0,7,0,3875.542146339449,0.022352813993647958
E02002893,E02002898,299,0,1,0,40,5,2,74,10,21,145,1,1164.2754304480932,0.026874463698732712
E02002893,E02002899,164,0,2,1,46,0,0,12,1,23,79,0,3818.792460889878,0.01257059457393713
E02002893,E02006904,394,0,8,1,149,2,1,56,21,18,134,4,2951.357531390611,0.023799311290972416
E02002893,E02006905,115,0,0,1,33,3,0,34,8,8,28,0,3283.1640328293565,0.01925237628145346
E02002894,E02002869,14,0,0,0,5,0,0,6,2,0,1,0,7766.040044342167,0.02083156669308784
E02002894,E02002872,27,0,0,0,2,0,0,23,1,0,1,0,6331.301993315154,0.024746013370205332
E02002894,E02002874,58,0,0,0,15,0,0,35,0,2,6,0,6378.5200798318765,0.01252390480823771
E02002894,E02002876,11,0,0,0,2,0,0,4,2,2,1,0,4737.434481168105,NaN
E02002894,E02002877,17,0,0,0,3,1,0,13,0,0,0,0,6059.699337414579,0.03126903836576076
E02002894,E02002879,22,0,0,0,4,0,0,16,1,0,0,1,4773.515956104701,0.025621285041090416
E02002894,E02002881,29,0,0,0,0,0,0,26,2,1,0,0,3174.7961808474056,0.017178663770229627
E02002894,E02002884,38,0,0,0,4,0,0,29,1,2,2,0,4533.5756050021055,0.01840761371134405
E02002894,E02002885,28,0,0,0,2,0,0,23,1,1,1,0,3511.4705527365372,0.017975597445804153
E02002894,E02002886,56,0,0,0,0,0,0,39,2,3,12,0,2507.577962862548,0.01976664852410885
E02002894,E02002887,41,0,0,0,2,2,0,26,1,1,9,0,1497.0335715040574,0.03932787549265995
E02002894,E02002888,11,0,0,0,2,1,0,7,1,0,0,0,5833.872824280185,0.024578242974779143
E02002894,E02002889,92,0,2,0,44,2,0,39,4,0,0,1,3522.2033765064975,0.03900696658129997
E02002894,E02002890,62,0,0,0,29,0,0,21,5,5,2,0,4860.7787647867945,0.02796199315413708
E02002894,E02002892,45,0,0,0,2,0,0,33,2,3,5,0,2550.245200592939,0.044962326061816466
E02002894,E02002893,54,0,0,0,3,0,0,29,11,1,9,1,2160.662382848816,0.05069093233168899
E02002894,E02002894,103,0,0,1,6,0,0,46,2,7,40,1,0,0.03221887529312896
E02002894,E02002895,84,0,2,0,24,1,0,43,3,7,4,0,3222.7024645779247,0.03372763568144276
E02002894,E02002896,39,0,0,0,10,0,0,23,2,1,3,0,6456.292027789969,0.053873250486849704
E02002894,E02002897,57,0,0,0,4,0,0,31,1,4,17,0,2138.1989475772175,0.038979714058199916
E02002894,E02002898,217,0,0,0,10,1,2,123,9,34,38,0,3031.030331063882,0.024964659847677137
E02002894,E02002899,163,0,0,1,11,0,1,68,7,34,41,0,2843.236692511721,0.043807319824982045
E02002894,E02006904,208,0,2,0,89,0,4,68,9,23,11,2,5154.184701801047,0.02884993734396117
E02002894,E02006905,81,0,1,0,11,2,0,43,9,10,5,0,5056.612808207284,0.04113947582068796
E02002895,E02002869,15,0,4,0,2,0,0,9,0,0,0,0,7101.9459646120695,0.034916222588735994
E02002895,E02002872,15,0,4,0,1,0,0,9,1,0,0,0,6603.057320450615,0.029183116167926466
E02002895,E02002874,68,0,0,0,9,0,0,54,1,3,1,0,5099.7430119374485,0.021389660615694733
E02002895,E02002879,27,0,0,1,6,0,0,16,1,0,3,0,3282.7099835511503,0.01556550287090807
E02002895,E02002883,16,0,0,0,4,2,0,5,0,2,3,0,3804.431165922686,0.02424631257813236
E02002895,E02002884,24,0,0,0,4,0,0,16,0,0,3,1,2446.334867258527,0.032322990568487836
E02002895,E02002885,17,0,0,0,1,0,0,7,1,0,8,0,1723.0707569648189,0.03553628571900434
E02002895,E02002886,12,0,1,0,1,0,0,6,1,2,1,0,2725.7095294942214,0.05237788779811199
E02002895,E02002887,19,0,0,0,6,0,0,11,1,1,0,0,4280.114709817867,0.025497705615575732
E02002895,E02002889,167,0,1,2,17,0,0,29,3,2,113,0,1166.1753631602437,0.026728717849735777
E02002895,E02002890,118,0,0,0,13,0,0,25,5,2,73,0,2121.933646701878,0.042220086591930224
E02002895,E02002893,30,0,0,0,2,0,0,14,0,0,14,0,1062.040081729107,0.039479551240932755
E02002895,E02002895,260,0,1,4,16,0,1,57,4,2,175,0,0,0.02706813600543972
E02002895,E02002896,56,0,0,0,9,4,0,13,2,0,28,0,3191.4247756504255,0.02027650102252676
E02002895,E02002898,226,0,0,2,51,0,0,75,6,18,74,0,1115.5477123174649,0.02569279180996293
E02002895,E02002899,241,0,1,2,63,0,0,42,6,37,90,0,3964.948820973094,0.05238212935131605
E02002895,E02006904,438,0,3,1,32,4,0,41,11,10,336,0,1889.3174496615034,NaN
E02002895,E02006905,72,0,0,0,10,0,0,30,3,4,25,0,2361.78362638911,0.02586911963966355
E02002896,E02002869,29,0,0,0,7,0,0,7,9,0,6,0,9371.892898563543,0.02654511674571429
E02002896,E02002872,22,0,1,0,5,0,0,8,1,1,3,3,8873.004254402087,0.02716339702480171
E02002896,E02002874,40,0,0,0,15,1,0,21,1,1,1,0,5674.001665519338,0.024204936167827047
E02002896,E02002877,40,0,0,0,12,2,1,18,1,1,5,0,5008.813399905705,0.02417120797731231
E02002896,E02002879,35,0,1,0,14,0,0,15,2,2,1,0,4922.94852399328,0.019182478523526413
E02002896,E02002881,17,0,0,0,4,0,0,10,0,1,2,0,8165.048713510664,0.023144985989504912
E02002896,E02002882,14,0,0,0,6,0,0,5,0,0,3,0,3004.3823040249254,0.02288189033615509
E02002896,E02002883,14,0,0,0,8,0,0,5,1,0,0,0,2569.266446968314,0.02902939263619489
E02002896,E02002884,40,0,2,0,12,0,1,17,2,0,6,0,3783.394335145693,0.03146200260583755
E02002896,E02002885,52,0,4,0,18,1,2,17,3,0,7,0,4260.301825391705,0.025723104908223205
E02002896,E02002886,11,0,0,0,3,0,0,5,1,0,2,0,5436.547147515878,0.02876154759307578
E02002896,E02002887,26,0,0,0,11,0,0,11,1,2,1,0,7188.739241628436,0.026450647489066517
E02002896,E02002888,55,0,0,0,7,0,0,14,4,1,29,0,1900.2940553913168,0.04426521262341632
E02002896,E02002889,160,0,1,0,58,3,0,30,3,9,56,0,3046.7591398135146,0.022240008042460468
E02002896,E02002890,196,0,1,0,56,0,1,39,8,4,87,0,1554.226761624993,0.03123779786839446
E02002896,E02002891,42,0,0,0,5,1,0,10,4,1,21,0,1391.373345694591,0.026281288768233827
E02002896,E02002892,16,0,0,0,5,0,0,11,0,0,0,0,8637.181792931675,0.04509097889117872
E02002896,E02002893,38,0,1,0,11,1,0,18,1,3,3,0,3970.664613539675,0.04167926608545095
E02002896,E02002894,14,0,0,0,5,0,0,9,0,0,0,0,6538.65478981861,0.027223084457565473
E02002896,E02002895,114,0,0,0,25,2,1,22,4,6,54,0,3180.4426849970678,NaN
E02002896,E02002896,309,0,0,3,33,6,1,87,9,9,160,1,0,0.03181464542357101
E02002896,E02002898,135,0,0,0,52,1,0,43,5,18,16,0,3661.345455772269,0.021611373391048266
E02002896,E02002899,66,0,0,0,26,0,1,15,1,15,8,0,6347.226552817341,0.03312434991317684
E02002896,E02006904,586,0,1,3,154,7,0,93,22,24,282,0,1329.3214367312912,0.03619360343507594
E02002896,E02006905,172,0,0,1,43,2,0,62,17,15,32,0,2582.0844586827884,0.033990285764542556
E02002897,E02002869,14,0,0,0,2,0,0,9,2,1,0,0,NA,0.03920610182606007
E02002897,E02002872,25,0,0,0,7,0,0,17,0,0,1,0,7502.4256121114495,0.03890161167260326
E02002897,E02002874,69,0,0,0,10,0,0,51,3,2,3,0,8531.582675513517,0.030068711679740144
E02002897,E02002876,16,0,0,0,1,0,0,13,1,1,0,0,6154.616331048477,0.029252736393679077
E02002897,E02002877,14,0,0,0,0,0,0,12,0,0,2,0,8212.761933096222,0.03170807547355415
E02002897,E02002879,37,0,0,0,7,0,0,29,0,1,0,0,6926.578551786345,0.03381981858130871
E02002897,E02002881,20,0,0,0,3,0,0,14,2,0,1,0,3815.493697466025,0.022925630293929702
E02002897,E02002884,27,0,0,0,1,0,0,23,3,0,0,0,6686.638200683747,0.03541230976977958
E02002897,E02002885,26,0,0,0,2,0,0,18,4,1,1,0,5664.533148418178,0.025561302770944164
E02002897,E02002886,56,0,0,0,5,0,0,44,2,4,1,0,4660.640558544191,0.023266063596655305
E02002897,E02002887,42,0,0,1,3,0,0,30,2,2,4,0,2644.8144995119283,0.02218932968361932
E02002897,E02002888,12,0,0,0,2,0,0,8,2,0,0,0,7986.93541996183,0.02454093892152997
E02002897,E02002889,80,0,0,1,39,0,1,28,4,4,3,0,5675.265972188143,0.02042537258596323
E02002897,E02002890,66,0,1,0,32,0,0,26,1,3,3,0,7013.841360468437,0.03343919919116551
E02002897,E02002892,56,0,0,0,3,0,0,40,4,4,5,0,1599.6926191576488,0.02214769829702761
E02002897,E02002893,23,0,0,0,2,0,0,17,3,1,0,0,4313.724978530459,0.025347789750648726
E02002897,E02002894,52,0,0,0,6,0,0,30,2,0,14,0,2153.0625956816407,0.025546388889125686
E02002897,E02002895,81,0,0,1,15,1,0,53,6,4,1,0,5375.765060259564,0.04074276785630059
E02002897,E02002896,33,0,0,0,8,1,1,18,2,0,3,0,8245.995658646094,0.038509400593661584
E02002897,E02002897,174,0,0,0,4,0,0,70,4,7,88,1,0,0.028961993853543914
E02002897,E02002898,238,0,0,0,51,1,2,128,18,32,5,1,4820.733961920005,0.030697548081306012
E02002897,E02002899,137,0,0,1,19,0,0,67,5,34,11,0,2753.1018749185264,0.035959552432254425
E02002897,E02006904,265,0,7,2,118,3,4,96,9,24,2,0,6943.88833265717,0.03487581476422976
E02002897,E02006905,66,0,1,0,3,0,0,52,4,4,2,0,6846.31643906341,0.023036684875633567
E02002898,E02002872,19,0,2,0,3,0,0,13,0,0,1,0,7533.885145027757,0.043176623573936784
E02002898,E02002874,49,0,0,1,16,0,0,24,2,0,6,0,6413.063428070947,0.021140717364095764
E02002898,E02002876,11,0,0,0,5,0,0,4,1,0,1,0,4902.146751705341,0.035336404291806706
E02002898,E02002879,18,0,0,1,6,0,0,5,0,1,5,0,4213.537808128291,0.03287370283025186
E02002898,E02002881,11,0,0,0,4,0,0,4,1,2,0,0,5735.483984240604,0.026654562570999477
E02002898,E02002882,11,0,0,0,4,0,0,4,1,1,1,0,3711.0363193721428,0.025750629331844598
E02002898,E02002884,14,0,0,0,3,0,0,6,1,1,3,0,3492.493240631146,NaN
E02002898,E02002885,31,0,0,0,2,1,0,21,1,2,4,0,2658.9078651535383,0.02246838836378357
E02002898,E02002886,13,0,1,0,4,0,0,3,1,1,3,0,3171.8924682638362,0.030657075851032403
E02002898,E02002889,102,0,1,0,31,4,0,24,1,3,38,0,2234.3277380105123,0.042753252906729246
E02002898,E02002890,76,0,0,0,23,1,1,14,0,7,29,1,3179.1901584318907,0.03774178700035827
E02002898,E02002892,12,0,0,0,2,0,2,6,0,1,1,0,5275.375257669935,0.028669911690685036
E02002898,E02002893,33,0,0,0,2,0,0,15,2,0,13,1,1164.2754304480936,0.028571795282645533
E02002898,E02002895,105,0,0,0,19,0,1,21,4,2,58,0,1115.5477123174649,0.03492240580266171
E02002898,E02002896,34,0,0,0,10,3,1,9,0,2,9,0,3515.8613326301493,0.0334698471451871
E02002898,E02002898,389,0,0,0,20,2,1,69,6,27,263,1,0,0.0364611986767251
E02002898,E02002899,366,0,0,1,17,0,0,35,0,50,261,2,3011.4188089579316,0.022060838868004903
E02002898,E02006904,323,0,7,0,85,9,0,44,5,23,150,0,2213.7540066412266,0.023656546654955986
E02002898,E02006905,110,0,0,0,5,0,0,28,6,15,55,1,2121.9096800599477,0.03287008675353383
E02002899,E02002874,29,0,0,0,5,1,1,17,1,1,3,0,8164.894558472657,0.01564602034530265
E02002899,E02002879,16,0,0,0,2,0,0,10,2,0,2,0,6559.890434745482,0.023878651231486903
E02002899,E02002885,13,0,1,0,1,0,0,8,2,1,0,0,5139.874447760515,0.023913874673316363
E02002899,E02002887,15,0,0,0,1,0,0,8,3,0,3,0,3934.1880693867415,0.024906269251095098
E02002899,E02002889,45,0,0,1,21,0,0,18,0,1,4,0,4533.780327855827,0.02200947275362938
E02002899,E02002890,65,0,0,1,43,0,0,14,1,3,3,0,5876.379618278951,0.04265164955597764
E02002899,E02002892,15,0,0,0,4,0,0,7,2,1,1,0,3717.2066550851737,0.039917310560282485
E02002899,E02002893,25,0,0,0,0,0,0,17,1,0,7,0,3789.0662778727974,0.042601032380076474
E02002899,E02002894,23,0,0,0,3,0,0,5,0,1,14,0,2845.230350393651,0.03335900878898328
E02002899,E02002895,49,0,1,0,12,0,1,26,1,1,7,0,3964.998963148483,0.047930587237000916
E02002899,E02002896,24,0,0,0,6,0,1,10,4,0,3,0,6213.050792477204,0.05305703281727778
E02002899,E02002897,14,0,0,0,4,0,0,4,1,1,4,0,2753.101874918527,0.03841026984424288
E02002899,E02002898,168,0,0,0,24,1,0,42,7,21,73,0,3011.4689511333195,0.03941132077661581
E02002899,E02002899,308,0,0,1,12,0,1,47,0,35,211,1,0,0.05563687724813668
E02002899,E02006904,155,0,4,1,83,3,1,37,5,9,12,0,4910.943466488281,0.044899594458503944
E02002899,E02006905,39,0,0,0,10,0,0,16,2,8,3,0,4773.9954415531765,0.029651900069373398
E02006834,E02002868,81,0,0,0,4,2,1,23,5,0,46,0,1456.6604748115433,0.05083340461313487
E02006834,E02002869,63,0,0,0,21,0,0,33,2,5,2,0,3523.542957648598,0.04691250422330009
E02006834,E02002871,25,0,0,0,2,0,0,14,4,2,3,0,2573.2601876520216,0.04768416052521142
E02006834,E02002872,52,0,0,0,11,0,2,26,6,5,2,0,4209.117606838864,0.0397845489811428
E02006834,E02002873,34,0,0,0,6,1,0,18,0,0,9,0,1895.7861713266118,0.03471361711744339
E02006834,E02002874,169,0,0,0,42,0,0,70,15,10,32,0,2220.9397902306805,0.03319044636112217
E02006834,E02002875,28,0,0,0,3,1,0,16,2,3,3,0,3005.699488321406,0.03303438250412052
E02006834,E02002876,31,0,0,0,6,0,1,21,0,3,0,0,4266.19598141598,0.02873356590353479
E02006834,E02002877,41,0,0,0,17,1,0,13,4,0,6,0,3658.3361931240474,0.03774579511377256
E02006834,E02002879,55,0,0,0,23,0,1,22,3,1,5,0,4403.2920771983745,0.03984840411580049
E02006834,E02002881,21,0,0,0,1,0,1,18,0,0,1,0,7224.229800406917,0.02884208575809258
E02006834,E02002882,24,0,0,0,14,0,0,7,2,0,1,0,5256.07383158497,0.02327475144222921
E02006834,E02002883,11,0,0,0,5,0,0,4,0,1,1,0,5715.86030035273,0.025051941501001932
E02006834,E02002884,25,0,0,0,5,0,0,17,2,0,1,0,4948.687337686388,0.04553985544733404
E02006834,E02002885,30,0,3,0,10,0,1,13,0,1,2,0,5649.503337691994,0.0428334594096557
E02006834,E02002886,25,0,0,1,7,0,0,12,1,1,3,0,6106.887946032876,0.031431994747469716
E02006834,E02002888,12,0,0,0,4,0,0,5,1,1,1,0,5990.100277572452,0.025243643126362757
E02006834,E02002889,57,0,0,0,37,0,0,17,0,0,2,1,6369.693876806277,0.030655389675329475
E02006834,E02002890,116,0,2,0,74,0,1,28,1,0,10,0,6706.081388334487,NaN
E02006834,E02002891,21,0,0,0,3,1,0,11,3,0,3,0,7381.798099083007,0.05271006117224085
E02006834,E02002892,24,0,0,0,9,0,0,13,2,0,0,0,9059.29567043088,0.030656682306182983
E02006834,E02002893,23,0,0,0,5,0,2,15,0,0,0,1,6812.663967071164,0.031622727971581194
E02006834,E02002895,48,0,0,0,22,0,0,22,2,0,2,0,7306.776809372426,0.032363591829125425
E02006834,E02002896,67,0,0,0,39,1,2,23,1,0,1,0,7886.634792056361,0.023364137594579237
E02006834,E02002898,119,0,0,0,48,0,0,57,7,4,3,0,8303.401919233947,0.019390651345020896
E02006834,E02002899,17,0,0,0,4,0,1,10,0,2,0,0,10057.295050628021,0.018423756562417244
E02006834,E02006834,110,0,0,0,14,0,0,35,5,3,53,0,0,0.019471973721309748
E02006834,E02006835,23,0,0,0,5,0,0,8,1,1,8,0,1229.494192991845,0.018391926697247124
E02006834,E02006904,212,0,5,0,127,0,2,60,5,3,10,0,7738.37599292664,0.022408661951067835
E02006834,E02006905,75,0,0,0,25,0,0,48,0,1,1,0,8525.4193556296,0.015153848936161413
E02006835,E02002868,44,0,0,0,2,2,0,27,4,0,9,0,1194.7314459171803,0.020574554363466616
E02006835,E02002869,53,0,0,0,13,1,0,31,2,2,4,0,3594.627367654478,0.0217935140420675
E02006835,E02002871,18,0,0,0,5,0,0,9,1,0,3,0,2720.3142912332946,0.01806102144607094
E02006835,E02002872,36,0,0,0,2,0,1,28,3,1,1,0,4356.171710420136,0.018695711724398083
E02006835,E02002874,134,0,3,1,22,3,2,82,13,4,4,0,3323.3013455729156,0.0187202561883666
E02006835,E02002875,28,0,0,0,2,0,1,24,1,0,0,0,3795.6706126987697,0.022056863352545777
E02006835,E02002876,21,0,1,0,2,0,1,16,1,0,0,0,4776.921032537707,0.024501714278048977
E02006835,E02002877,30,0,0,0,8,0,0,22,0,0,0,0,4760.697748466283,0.016405619836749263
E02006835,E02002879,36,0,0,0,7,0,3,24,1,1,0,0,5505.653632540609,0.014959281406540443
E02006835,E02002881,20,0,0,0,1,0,0,18,1,0,0,0,7371.28390398819,0.014413489734176803
E02006835,E02002882,12,0,0,0,3,0,0,8,1,0,0,0,6358.435386927206,0.02132644790109045
E02006835,E02002883,18,0,0,0,5,0,0,12,1,0,0,0,6818.2218556949665,0.02355855864461803
E02006835,E02002884,41,0,0,0,14,0,1,25,0,0,1,0,6051.048893028624,NaN
E02006835,E02002885,20,0,1,0,0,0,0,18,0,1,0,0,6304.196423234359,0.01588475543444879
E02006835,E02002886,16,0,0,0,0,0,0,14,2,0,0,0,6755.141700874649,0.020509911059010327
E02006835,E02002887,16,0,0,0,0,0,0,16,0,0,0,0,8420.157526962272,0.025281216908743416
E02006835,E02002888,13,0,0,0,3,0,0,10,0,0,0,0,7092.461832914688,0.01999595017249809
E02006835,E02002889,55,0,2,1,16,0,1,31,3,0,0,1,7472.055432148513,0.023149860876119734
E02006835,E02002890,87,0,3,0,41,0,1,38,4,0,0,0,7808.442943676724,0.021118271330200014
E02006835,E02002892,16,0,0,0,2,0,1,13,0,0,0,0,9231.103777348586,0.020732077933547945
E02006835,E02002893,28,0,0,0,0,1,0,25,2,0,0,0,7467.357052613529,0.017742374169466398
E02006835,E02002895,44,0,4,0,13,1,2,20,2,1,0,1,7961.469894914791,0.017874710271019327
E02006835,E02002896,38,0,1,0,7,0,0,28,1,0,1,0,8988.996347398597,0.017764291469205228
E02006835,E02002898,72,0,0,0,17,0,1,49,4,1,0,0,8958.09500477631,0.0292227087955447
E02006835,E02002899,20,0,0,0,2,0,0,15,1,2,0,0,10705.548805469787,0.024171022108726164
E02006835,E02006834,32,0,0,0,3,0,0,17,4,1,7,0,1185.8298846551315,0.016193853870176307
E02006835,E02006835,101,0,1,0,6,0,1,42,6,1,44,0,0,0.017000040254458906
E02006835,E02006904,173,0,22,3,67,0,0,73,6,1,0,1,8840.737548268877,0.02093938150161868
E02006835,E02006905,63,0,1,0,22,0,0,37,3,0,0,0,9627.780910971831,0.015102787917350665
E02006904,E02002872,15,0,3,0,2,0,0,8,1,0,1,0,8086.464112664963,0.018194477152993035
E02006904,E02002874,37,0,0,0,21,0,0,9,1,1,5,0,5562.551050044119,0.01308916496017326
E02006904,E02002879,16,0,0,0,2,0,0,11,1,1,1,0,4143.438073028589,0.015297494495516928
E02006904,E02002884,26,0,3,0,3,0,0,13,1,0,6,0,3003.8838841809998,0.01616899005907208
E02006904,E02002885,14,0,9,0,1,0,0,4,0,0,0,0,3269.1826942709085,0.022318963297734872
E02006904,E02002886,15,0,0,0,10,0,0,4,0,1,0,0,4516.394504379869,0.017909318301145682
E02006904,E02002887,19,0,0,0,10,0,0,6,1,1,1,0,6070.7996847035165,0.01697341983721457
E02006904,E02002889,163,0,4,0,14,2,0,20,1,4,116,2,2055.6400086927188,0.016755456284969196
E02006904,E02002890,161,0,0,2,25,0,2,9,1,4,118,0,1407.5199390819937,0.021869040616514915
E02006904,E02002892,13,0,0,0,6,0,0,6,0,1,0,0,7540.349934078793,0.02505805163114679
E02006904,E02002893,24,0,0,0,5,0,1,13,3,0,2,0,2852.725056614757,0.017630150487161572
E02006904,E02002895,131,0,1,1,5,0,0,15,2,6,101,0,2096.694090376062,0.029897582098764516
E02006904,E02002896,62,0,0,1,2,0,0,12,2,14,31,0,1302.1073259889233,0.03174603393685513
E02006904,E02002898,163,0,0,2,63,4,0,42,3,22,26,1,2418.695673426398,0.026537677663791278
E02006904,E02002899,120,0,0,1,65,0,1,27,2,14,9,1,5104.576770471471,0.026383887662934327
E02006904,E02006904,775,0,4,7,71,2,2,58,6,16,606,3,0,0.017217813994474283
E02006904,E02006905,153,0,3,2,34,0,1,33,3,14,63,0,1265.4059158668545,0.03416455375085442
E02006905,E02002869,13,0,0,0,4,0,0,4,2,0,3,0,9313.681075129265,0.03134690729838149
E02006905,E02002872,24,0,3,0,3,0,3,11,0,0,4,0,8814.79243096781,0.016245459793516052
E02006905,E02002874,37,0,0,2,8,0,0,19,4,0,3,1,6336.175273668699,NaN
E02006905,E02002877,11,0,1,0,1,0,0,8,1,0,0,0,5445.186099026965,0.0402945703758483
E02006905,E02002879,22,0,3,0,7,0,0,7,1,0,2,2,4917.062296653166,0.035690428781756066
E02006905,E02002881,14,0,0,0,3,0,0,7,0,0,4,0,7665.537369568864,0.014830248943915835
E02006905,E02002884,20,0,0,0,5,0,0,13,0,0,2,0,3777.508107805578,0.02843737968117382
E02006905,E02002885,14,0,1,0,5,0,0,7,0,0,1,0,3934.8058674820086,0.020838577369601204
E02006905,E02002887,19,0,0,0,12,1,0,4,0,0,2,0,6131.150820648691,0.01988654907371802
E02006905,E02002888,13,0,0,0,4,0,0,4,0,2,3,0,3242.956308273901,0.03381820420698478
E02006905,E02002889,85,0,5,2,22,8,0,15,1,6,25,1,2810.690710782612,0.01895796980886807
E02006905,E02002890,85,0,0,0,28,2,0,7,1,8,38,1,2291.4681924558636,0.015587151426435972
E02006905,E02002892,18,0,1,0,6,0,0,10,0,0,1,0,7284.976309283127,0.038799267481335886
E02006905,E02002893,25,0,0,0,7,0,0,9,3,1,5,0,3246.7616920045293,0.032322990568487836
E02006905,E02002895,80,0,0,0,12,0,0,11,1,6,50,0,2392.69363882123,0.018220785821595073
E02006905,E02002896,55,0,0,0,7,3,0,20,2,1,22,0,2510.8158479285075,0.01549340229585578
E02006905,E02002898,176,0,0,0,36,0,2,55,9,32,41,1,2083.7743823458027,0.017784539775675096
E02006905,E02002899,68,0,0,1,9,0,0,25,1,11,20,1,4743.808402158926,0.0163366227520065
E02006905,E02006904,389,0,4,3,58,1,2,50,14,24,230,3,1273.6623319419218,0.016609164129493176
E02006905,E02006905,361,0,1,1,41,1,1,81,10,29,196,0,0,0.018175847118614447
