Area of residence,Area of workplace,All categories: Method of travel to work,Work mainly at or from home,"Underground, metro, light rail, tram",Train,"Bus, minibus or coach",Taxi,"Motorcycle, scooter or moped",Driving a car or van,Passenger in a car or van,Bicycle,On foot,Other method of travel to work,dist,slope,perc_cycle,prob_cycle,performance,non_active,cycle_added_unweighted,cycle_added_weighted,potential_demand,cycle_fraction,dist2,distance_groups
E02005940,E02005940,78,0,0,1,4,0,1,26,2,19,25,0,0,0.014413331336622707,0.24358974358974358,0.03738454023608098,6.515788131978885,34,0.19507607403445762,0.1976937561058086,19,0.24358974358974358,0,NA
E02005940,E02005941,119,0,0,4,9,0,0,42,2,33,29,0,1244.0801239842071,0.011527007917241209,0.2773109243697479,0.24010166828960758,1.1549729177027583,57,11.849451084730786,12.008456210363832,45,0.37815126050420167,1.2440801239842072,"(1,2]"
E02005940,E02005942,103,0,0,1,22,0,1,35,2,31,11,0,2015.4511395237105,0.009479390166245025,0.30097087378640774,0.2898650484007474,1.038313778935866,61,17.02931070660264,17.25782320637883,48,0.46601941747572817,2.0154511395237105,"(2,3]"
E02005940,E02005945,129,0,0,0,21,0,2,67,4,27,8,0,5664.034658380721,0.014973859968839804,0.20930232558139536,0.19862737324974872,1.053743611250521,94,17.718705846594663,17.95646918508578,45,0.3488372093023256,5.6640346583807215,"(5,6]"
E02005940,E02005946,16,0,0,0,1,0,0,11,2,2,0,0,6858.528102463731,0.013590173237284741,0.125,0.15753181052225354,0.7934905311225509,14,2.2054453473115494,2.235039723626413,4,0.25,6.858528102463731,"(6,7]"
E02005940,E02005947,609,0,0,4,225,0,6,90,11,242,31,0,3975.78260388667,0.008176944499681147,0.3973727422003284,0.29096546927239764,1.3657041270017984,336,71.58534249299875,72.54593014344708,315,0.5172413793103449,3.97578260388667,"(3,4]"
E02005940,E02005948,123,0,0,0,37,0,2,27,3,44,10,0,4393.852303157863,0.010065914959384257,0.35772357723577236,0.2683256939090148,1.3331692989381443,69,13.887563188312697,14.0739172830049,58,0.4715447154471545,4.393852303157863,"(4,5]"
E02005940,E02005949,87,0,0,0,15,0,1,42,5,23,1,0,7599.325597056715,0.014158384711637518,0.26436781609195403,0.1280568853920005,2.064456083581029,63,3.9078495512008704,3.9602881075863583,27,0.3103448275862069,7.5993255970567155,"(7,8]"
E02005940,E02005950,55,0,0,0,12,0,0,24,2,14,3,0,5816.575018724068,0.009625733785336653,0.2545454545454545,0.21629447374296293,1.1768467781009873,38,6.984078263353403,7.077796042662737,21,0.38181818181818183,5.816575018724068,"(5,6]"
E02005940,E02005952,79,0,0,0,9,0,1,51,5,12,0,1,8215.78603072224,0.0124390487685148,0.1518987341772152,0.11168633096760418,1.3600476697660975,67,5.502001393904386,5.575831516212608,18,0.22784810126582278,8.21578603072224,"(8,9]"
E02005940,E02005954,56,0,0,0,9,0,1,34,3,7,2,0,8124.533982490118,0.01039247851033299,0.125,0.12050536433757215,1.0372982205990184,47,5.460100105633258,5.533367963954896,13,0.23214285714285715,8.124533982490119,"(8,9]"
E02005940,E02005955,28,0,0,0,3,0,2,19,0,4,0,0,9024.77832348553,0.012051983566562738,0.14285714285714285,0.08749885612502609,1.6326744049432595,24,1.2862163702955867,1.3034758192006646,5,0.17857142857142858,9.024778323485531,"(9,10]"
E02005940,E02005956,12,0,0,0,1,0,0,10,1,0,0,0,10172.496372658818,0.010474358029548684,0,0.06129630787505251,0,12,0.7355556945006301,0.7454259513401968,1,0.08333333333333333,10.172496372658818,"(10,11]"
E02005940,E02005978,12,0,0,0,1,0,0,10,0,1,0,0,7759.09873134104,0.014831405740150502,0.08333333333333333,0.12050444954443447,0.6915373967382443,11,1.3255489449887792,1.3433361888892406,2,0.16666666666666666,7.75909873134104,"(7,8]"
E02005940,E02005979,24,0,0,1,2,0,0,18,0,3,0,0,7260.228187352764,0.019052030842452838,0.125,0.12512736157133122,0.9989821445147421,21,2.627674592997956,2.662934768831822,6,0.25,7.260228187352763,"(7,8]"
E02005941,E02005940,24,0,0,0,2,0,0,6,0,4,12,0,1244.080123984207,0.010138400367874978,0.16666666666666666,0.24702296705467902,0.674701096233593,8,1.9761837364374322,2.0027017026317586,6,0.25,1.244080123984207,"(1,2]"
E02005941,E02005941,259,0,0,5,9,0,0,30,3,54,157,1,0,0.010368596567798396,0.2084942084942085,0.0415282397070316,5.020540479564465,48,0.3970400226930232,0.40236781367998314,54,0.2084942084942085,0,NA
E02005941,E02005942,122,0,0,0,2,0,0,21,2,45,52,0,1580.5406604759187,0.013311863447116478,0.36885245901639346,0.25195362538828314,1.4639696430164826,25,4.302575989026954,4.360311290923135,49,0.4016393442622951,1.5805406604759187,"(1,2]"
E02005941,E02005945,195,0,0,2,42,0,1,83,4,58,5,0,4624.332447625041,0.009734090255694472,0.29743589743589743,0.26238679810128995,1.1335779832988295,132,30.55374915502387,30.963743060076183,89,0.4564102564102564,4.624332447625041,"(4,5]"
E02005941,E02005946,13,0,0,0,0,0,0,10,0,2,0,1,6141.861700623497,0.01124185423309637,0.15384615384615385,0.19558368449171226,0.7866001412437498,11,2.151420529408835,2.1802899588129514,4,0.3076923076923077,6.1418617006234975,"(6,7]"
E02005941,E02005947,728,0,1,3,209,2,4,70,9,342,88,0,3540.872124838879,0.01152723386335681,0.4697802197802198,0.28221456068546985,1.6646207716539232,298,50.52198105200294,51.19992418092608,393,0.5398351648351648,3.5408721248388786,"(3,4]"
E02005941,E02005948,133,0,0,0,35,0,0,15,5,58,20,0,3958.9418241100725,0.014413331336622707,0.43609022556390975,0.257834730983814,1.6913556366123772,55,8.384345608421402,8.49685326107848,66,0.49624060150375937,3.9589418241100724,"(3,4]"
E02005941,E02005949,105,0,0,0,29,0,0,42,0,33,1,0,6409.148779981201,0.00615840591958132,0.3142857142857143,0.20613953452515904,1.52462609857769,71,9.599669692746305,9.728485506627996,43,0.4095238095238095,6.4091487799812015,"(6,7]"
E02005941,E02005950,55,0,0,0,7,1,1,26,1,14,5,0,5049.451307809455,0.01531522668892206,0.2545454545454545,0.21982739113567387,1.1579332913447224,36,6.834405867797342,6.926115226810324,21,0.38181818181818183,5.049451307809455,"(5,6]"
E02005941,E02005951,14,0,0,0,1,0,0,10,0,3,0,0,5173.774848596323,0.013437540535673316,0.21428571428571427,0.2240914988383695,0.9562420502183894,11,2.4650064872220647,2.498083856239781,5,0.35714285714285715,5.173774848596323,"(5,6]"
E02005941,E02005952,77,0,0,0,8,0,4,46,1,14,4,0,7826.193311978856,0.009427280809544318,0.18181818181818182,0.13433099773998206,1.353508757302007,59,5.855543101514286,5.934117320678393,20,0.2597402597402597,7.826193311978856,"(7,8]"
E02005941,E02005954,62,0,0,0,16,0,0,30,2,14,0,0,7357.410271575505,0.008796423530023353,0.22580645161290322,0.1548267030630791,1.4584464252326403,48,5.0956151823282445,5.163992099237739,19,0.3064516129032258,7.357410271575505,"(7,8]"
E02005941,E02005955,31,0,0,0,3,0,0,18,4,1,5,0,8589.867844437742,0.014553780219140628,0.03225806451612903,0.09459458958302316,0.3410138429515251,25,2.3648647395755793,2.3965983289488393,3,0.0967741935483871,8.589867844437743,"(8,9]"
E02005941,E02005956,16,0,0,0,3,0,0,10,0,2,0,1,9405.372661744206,0.00984302691873645,0.125,0.08143576941894641,1.5349520351055732,14,0.7427598685758505,0.7527267966110466,3,0.1875,9.405372661744206,"(9,10]"
E02005941,E02005979,32,0,0,0,7,0,0,20,2,2,0,1,6825.31770830497,0.012944461286352946,0.0625,0.16116824513711703,0.3877935132124005,30,4.835047354113511,4.899927769795654,7,0.21875,6.82531770830497,"(6,7]"
E02005942,E02005940,12,0,0,0,3,0,0,3,0,5,1,0,2015.4511395237107,0.010639035884310432,0.4166666666666667,0.283449695976039,1.4699845248798187,6,1.1569497141442884,1.1724745627919766,6,0.5,2.015451139523711,"(2,3]"
E02005942,E02005941,67,0,0,1,1,0,0,18,0,24,22,1,1588.0744175914374,0.012489638722468766,0.3582089552238806,0.2565537963246862,1.3962333060569598,21,3.8586887302046784,3.9104676085626506,28,0.417910447761194,1.5880744175914374,"(1,2]"
E02005942,E02005942,131,0,0,3,0,0,0,24,2,48,54,0,0,0.010671061954667138,0.366412213740458,0.041203737647454414,8.892693591914838,29,0.1343696799429341,0.13617275653169947,48,0.366412213740458,0,NA
E02005942,E02005945,119,0,0,2,24,0,4,44,4,36,4,1,4340.732811228732,0.014461124833332617,0.3025210084033613,0.2472190316377537,1.2236962761291,79,15.960090653509592,16.174255529277232,52,0.4369747899159664,4.340732811228732,"(4,5]"
E02005942,E02005946,11,0,0,0,3,0,0,7,0,1,0,0,6094.868135876105,0.018953441769378708,0.09090909090909091,0.1665230104209118,0.5459250987554488,10,1.665230104209118,1.6875754533762957,3,0.2727272727272727,6.094868135876105,"(6,7]"
E02005942,E02005947,805,0,0,2,91,0,1,54,5,374,275,3,1969.6373111325752,0.011023308037285537,0.4645962732919255,0.2799464917936411,1.6595895534007854,156,26.314731031125895,26.667842503014725,401,0.49813664596273294,1.9696373111325751,"(1,2]"
E02005942,E02005948,112,0,0,0,2,0,0,12,0,57,41,0,2511.8897128953286,0.00939870469180685,0.5089285714285714,0.2999119624937208,1.6969265487008598,14,2.474336604684865,2.5075391724555645,60,0.5357142857142857,2.5118897128953286,"(2,3]"
E02005942,E02005949,91,0,0,3,15,0,2,29,1,39,2,0,5933.780545132835,0.013127036711943032,0.42857142857142855,0.1960034381581285,2.186550565636877,50,4.48202390647752,4.542167179718093,44,0.4835164835164835,5.933780545132835,"(5,6]"
E02005942,E02005950,38,0,0,0,3,0,0,12,1,17,5,0,3810.4297259699697,0.009944955700572364,0.4473684210526316,0.2853079593970744,1.5680194201312527,16,2.911269651220951,2.950335325515397,20,0.5263157894736842,3.8104297259699695,"(3,4]"
E02005942,E02005952,49,0,0,0,5,0,0,37,1,4,2,0,6209.640737968143,0.011492371366704368,0.08163265306122448,0.19172973943985416,0.42576938402835907,43,8.244378795913729,8.355008265315895,12,0.24489795918367346,6.209640737968143,"(6,7]"
E02005942,E02005954,43,0,0,1,4,0,1,26,2,8,1,0,6118.388689736023,0.00947974288821826,0.18604651162790697,0.20419122766346576,0.9111386113733364,34,6.9425017405578355,7.0356616138356385,15,0.3488372093023256,6.1183886897360225,"(6,7]"
E02005942,E02005955,37,0,0,0,4,0,1,24,1,6,1,0,7018.633030731437,0.006158607799029989,0.16216216216216217,0.17903773241385285,0.9057429401938463,30,5.3711319724155855,5.44320598731794,11,0.2972972972972973,7.018633030731437,"(7,8]"
E02005942,E02005979,30,0,0,0,0,0,1,19,0,9,1,0,5378.265597090225,0.014413331336622707,0.3,0.21194396686657713,1.4154684581743997,20,2.99468300607605,3.0348679854651683,12,0.4,5.378265597090225,"(5,6]"
E02005943,E02005940,18,0,0,0,4,0,0,10,0,4,0,0,4656.556097260135,0.015119674882510429,0.2222222222222222,0.2341334759383573,0.9491262252508006,14,3.277868663137002,3.321853647324357,7,0.3888888888888889,4.656556097260135,"(4,5]"
E02005943,E02005941,44,0,0,0,2,0,0,17,4,19,2,0,3602.4583404123723,0.014688252637309673,0.4318181818181818,0.2641119917713671,1.6349813536372566,23,3.715379259358314,3.765235100079066,23,0.5227272727272727,3.6024583404123725,"(3,4]"
E02005943,E02005942,80,0,0,0,3,0,1,31,1,41,3,0,3080.405548741078,0.006805665933114999,0.5125,0.31512279430959944,1.6263501379607685,36,6.975386376128087,7.068987520952804,48,0.6,3.0804055487410777,"(3,4]"
E02005943,E02005943,84,0,0,0,4,0,2,24,0,21,33,0,0,0.009701158651086722,0.25,0.04225297585313103,5.9167430211066305,30,0.21423767621343287,0.2171124835254395,21,0.25,0,NA
E02005943,E02005944,11,0,0,0,3,0,0,7,1,0,0,0,3121.0865515213422,0.017152936587829612,0,0.25772320290264034,0,11,2.834955231929044,2.872996860152465,3,0.2727272727272727,3.1210865515213424,"(3,4]"
E02005943,E02005945,384,0,0,2,48,1,2,81,25,106,119,0,1384.2714366212645,0.009706803745745847,0.2760416666666667,0.2591310118093065,1.065259093225803,159,38.6777556180374,39.19676374316272,145,0.3776041666666667,1.3842714366212645,"(1,2]"
E02005943,E02005946,32,0,0,0,10,0,0,12,1,5,4,0,3328.1176608097,0.01343023261527192,0.15625,0.27519903651108674,0.5677708831429912,23,6.329577839754995,6.414513024719915,11,0.34375,3.3281176608096996,"(3,4]"
E02005943,E02005947,726,0,0,2,144,1,12,75,21,346,123,2,2602.3320668775627,0.010703306354922722,0.4765840220385675,0.2932713590801869,1.6250615932402004,257,46.38023543053946,47.0026014041858,393,0.5413223140495868,2.6023320668775627,"(2,3]"
E02005943,E02005948,113,0,0,1,21,1,1,22,8,42,16,1,3568.5081135867354,0.01287351889072413,0.37168141592920356,0.27439669545614465,1.3545404229862799,55,11.141652175145769,11.291159506008682,53,0.4690265486725664,3.568508113586735,"(3,4]"
E02005943,E02005949,159,0,0,0,26,0,5,30,4,59,34,1,3169.0877689774247,0.010722281455934308,0.3710691823899371,0.2919318714243864,1.2710814361564085,66,15.158354898386392,15.36176146192874,74,0.46540880503144655,3.1690877689774246,"(3,4]"
E02005943,E02005950,99,0,0,0,12,1,1,31,4,38,12,0,2335.8314737175274,0.01629002169913088,0.3838383838383838,0.2601910738035165,1.4752173401929984,49,8.642362226236,8.758332146000445,47,0.47474747474747475,2.335831473717527,"(2,3]"
E02005943,E02005952,143,0,0,0,15,1,6,95,6,17,3,0,4586.1323009750795,0.022186493441968408,0.11888111888111888,0.203638916380818,0.5837838905938955,123,25.047586714840612,25.383694661438238,42,0.2937062937062937,4.58613230097508,"(4,5]"
E02005943,E02005953,17,0,0,0,3,0,0,8,1,3,2,0,3349.8745744497755,0.010540351410216661,0.17647058823529413,0.2907614729545145,0.6069256234057545,12,3.489137675454174,3.5359576311187437,7,0.4117647058823529,3.3498745744497755,"(3,4]"
E02005943,E02005954,89,0,0,1,12,0,0,46,1,23,6,0,4643.79043748358,0.009425536330609122,0.25842696629213485,0.26332620370780785,0.9813947972260699,60,15.799572222468472,16.01158313742294,39,0.43820224719101125,4.64379043748358,"(4,5]"
E02005943,E02005955,39,0,0,0,1,0,0,22,6,10,0,0,5836.2262424066685,0.014370084113768802,0.2564102564102564,0.19456363966115425,1.3178734570180337,29,4.281401617223909,4.338852784975422,14,0.358974358974359,5.836226242406669,"(5,6]"
E02005943,E02005956,11,0,0,0,1,0,0,9,0,1,0,0,6691.752827652283,0.009854841587792717,0.09090909090909091,0.1783629865359582,0.5096858528479704,10,1.783629865359582,1.8075639943581656,3,0.2727272727272727,6.691752827652283,"(6,7]"
E02005943,E02005957,11,0,0,0,0,0,0,4,0,6,1,0,7639.006178610201,0.01164047943337312,0.5454545454545454,0.13438071766930393,4.059023905474658,4,0.13242663339632596,0.13420363667941285,6,0.5454545454545454,7.639006178610201,"(7,8]"
E02005943,E02005979,28,0,0,0,2,0,0,17,1,7,1,0,6540.691242223813,0.010369228430541368,0.25,0.18261920076249877,1.3689688650271326,20,2.6679817989707066,2.703782848158434,10,0.35714285714285715,6.540691242223813,"(6,7]"
E02005944,E02005940,14,0,0,0,4,0,0,4,2,4,0,0,6726.377847816223,0.0093988674034944791,0.2857142857142857,0.1787184502689474,1.5986837692712972,10,1.1179099563286978,1.1329109392249883,5,0.35714285714285715,6.726377847816223,"(6,7]"
E02005944,E02005941,43,0,0,0,12,0,0,13,1,14,3,0,6009.711445975989,0.009425536330609122,0.32558139534883723,0.2090480190168191,1.55744788628034,26,3.4898429297806715,3.536672349094822,18,0.4186046511627907,6.009711445975989,"(6,7]"
E02005944,E02005942,42,0,0,0,9,0,2,18,5,5,3,0,5962.717881228595,0.025722466753239578,0.11904761904761904,0.14684336441215062,0.8107116009238508,34,4.992674390013121,5.059669967525728,10,0.23809523809523808,5.962717881228595,"(5,6]"
E02005944,E02005943,21,0,0,0,3,0,0,9,1,3,5,0,3122.281890386662,0.02568166493033912,0.14285714285714285,0.2160845535810471,0.66111686601218,13,2.8090991965536123,2.8467938684392378,6,0.2857142857142857,3.122281890386662,"(3,4]"
E02005944,E02005944,53,0,0,0,9,0,0,10,2,2,29,1,0,0.010364788589075384,0.03773584905660377,0.041532340667087636,0.9085895100178546,22,0.9137114946759279,0.9259723842280624,3,0.05660377358490566,0,NA
E02005944,E02005945,524,0,0,0,100,2,4,94,25,75,224,0,1852.0800421284,0.011718875929167484,0.1431297709923664,0.27215924638930417,0.5259044948545661,225,61.235830437593435,62.05754030772576,137,0.26145038167938933,1.8520800421284,"(1,2]"
E02005944,E02005946,87,0,0,0,13,0,0,22,0,13,39,0,483.35788896147227,0.01880110755711939,0.14942528735632185,0.13324754498102548,1.1214111853062665,35,4.158745815489799,4.214551092556174,17,0.19540229885057472,0.48335788896147225,"(0,1]"
E02005944,E02005947,468,0,0,0,247,0,9,90,15,72,35,0,5083.820697172958,0.011010432782694606,0.15384615384615385,0.23915222319966054,0.6432980291289729,361,86.33395257507745,87.49244851530602,159,0.33974358974358976,5.083820697172958,"(5,6]"
E02005944,E02005948,64,0,0,0,17,0,1,29,1,14,2,0,5842.630478868549,0.019975691465537092,0.21875,0.17166439211405068,1.274288728757834,48,6.466266738077963,6.553036120702765,21,0.328125,5.842630478868549,"(5,6]"
E02005944,E02005949,197,0,0,1,38,0,1,46,10,59,42,0,1680.8858070431922,0.011656523194070229,0.29949238578680204,0.26539533074915594,1.1284764692031213,96,22.577299967903045,22.880259690862477,82,0.41624365482233505,1.6808858070431922,"(1,2]"
E02005944,E02005950,73,0,0,0,24,0,2,32,3,5,7,0,3502.1391731899594,0.015261508689264252,0.0684931506849315,0.26285955179700027,0.26056938093627663,61,16.034432659617018,16.24959511408568,21,0.2876712328767123,3.5021391731899594,"(3,4]"
E02005944,E02005952,240,0,0,0,18,0,6,151,16,42,3,4,3222.389431154632,0.012147248206921611,0.175,0.28347260989277195,0.6173435947345902,195,55.27715892909053,56.01891072310265,98,0.4083333333333333,3.2223894311546317,"(3,4]"
E02005944,E02005953,14,0,0,0,1,0,1,11,0,0,1,0,4446.547271742461,0.016109236096736063,0,0.23589473856557408,0,13,3.066631601352463,3.107782042799633,3,0.21428571428571427,4.446547271742461,"(4,5]"
E02005944,E02005954,113,0,0,0,15,1,1,69,8,12,7,0,4704.742922951032,0.02093412517332166,0.10619469026548672,0.20566693700785357,0.5163430340844313,94,19.332692078738237,19.592113136374056,32,0.2831858407079646,4.704742922951032,"(4,5]"
E02005944,E02005955,51,0,0,0,4,0,2,36,2,5,2,0,5919.598001769111,0.01178332495328128,0.09803921568627451,0.20237383116135726,0.48444611204748905,44,8.904448571099719,9.023935368725745,14,0.27450980392156865,5.919598001769111,"(5,6]"
E02005944,E02005956,55,0,0,0,8,1,3,34,3,2,4,0,5259.93078606287,0.014413331336622707,0.03636363636363636,0.21636139601242912,0.16806896717170106,49,10.601708404609028,10.743970351153708,13,0.23636363636363636,5.25993078606287,"(5,6]"
E02005944,E02005957,15,0,0,0,7,0,0,5,0,1,2,0,6415.986243202574,0.021110727277627056,0.06666666666666667,0.14744716995005847,0.4521393438019,12,1.7693660394007016,1.7931087653188909,3,0.2,6.415986243202574,"(6,7]"
E02005944,E02005979,28,0,0,0,10,0,0,12,3,1,2,0,8814.813607505625,0.012774160928603485,0.03571428571428571,0.09200473718882572,0.3881787699799367,25,2.300118429720643,2.33098320288806,3,0.10714285714285714,8.814813607505625,"(8,9]"
E02005945,E02005940,24,0,0,0,5,0,1,14,0,3,1,0,5665.276238427254,0.01309729984873188,0.125,0.20678361184287222,0.6044966469343964,20,4.135672236857444,4.191167894748804,7,0.2916666666666667,5.6652762384272535,"(5,6]"
E02005945,E02005941,59,0,0,0,12,0,0,28,4,12,3,0,4611.178481579489,0.013311863447116478,0.2033898305084746,0.24452202123173175,0.8317853315784738,44,10.758968934196197,10.903341124505364,23,0.3898305084745763,4.611178481579489,"(4,5]"
E02005945,E02005942,62,0,0,0,12,0,0,26,8,15,1,0,4327.578845183181,0.013127036711943032,0.24193548387096775,0.2543923190711275,0.9510329744009415,46,11.702046677271866,11.859073816232005,27,0.43548387096774194,4.327578845183181,"(4,5]"
E02005945,E02005943,21,0,0,0,2,0,0,6,2,4,7,0,1371.292759043552,0.014370084113768802,0.19047619047619047,0.23484712318862064,0.8110646104155466,10,2.348471231886206,2.379984840457733,6,0.2857142857142857,1.371292759043552,"(1,2]"
E02005945,E02005944,13,0,0,0,2,0,0,2,0,4,5,0,1852.0800421283996,0.010667669783302698,0.3076923076923077,0.27782932255616527,1.1074868011100787,4,1.0034587221362303,1.016923909598496,5,0.38461538461538464,1.8520800421283996,"(1,2]"
E02005945,E02005945,1043,0,0,0,44,2,3,76,17,150,748,3,0,0.011477900914152371,0.14381591562799617,0.04034994474002134,3.56421592531579,145,1.6415228790564134,1.6635501062880802,152,0.1457334611697028,0,NA
E02005945,E02005946,56,0,0,0,7,0,0,28,1,7,13,0,2294.1800846820693,0.018007679302461554,0.125,0.25070740557096977,0.4985891809431024,36,9.025466600554912,9.146577311967306,16,0.2857142857142857,2.2941800846820692,"(2,3]"
E02005945,E02005947,784,0,1,2,296,2,6,73,20,277,107,0,3289.530653571587,0.018172890636934367,0.35331632653061223,0.25082164435022136,1.4086357158127785,400,71.2239911382619,72.17972989595167,349,0.4451530612244898,3.289530653571587,"(3,4]"
E02005945,E02005948,130,0,0,0,37,0,0,25,1,55,12,0,4048.34043526718,0.009858186243472006,0.4230769230769231,0.27972641921087416,1.512466803351824,63,11.651670219293885,11.808021367866582,67,0.5153846153846153,4.04834043526718,"(4,5]"
E02005945,E02005949,390,0,0,3,10,1,0,51,8,107,210,0,1837.4173434676256,0.017850945978688148,0.2743589743589744,0.24005734041909224,1.142889335856168,73,15.333230699423677,15.53898388210604,123,0.3153846153846154,1.8374173434676258,"(1,2]"
E02005945,E02005950,111,0,0,0,18,0,0,41,5,20,27,0,1988.655565235823,0.014458405966288735,0.18018018018018017,0.26216795902491297,0.687270026628457,64,16.77874937759443,17.003899651111123,37,0.3333333333333333,1.9886555652358229,"(1,2]"
E02005945,E02005952,141,0,0,0,23,1,0,76,2,26,13,0,3201.8608643538146,0.01687145786604,0.18439716312056736,0.2584531884466322,0.7134644545452896,102,26.362225221556482,26.715974007331184,53,0.375886524822695,3.2018608643538147,"(3,4]"
E02005945,E02005953,11,0,0,0,0,1,0,8,1,1,0,0,3167.180340396667,0.01584017520050006,0.09090909090909091,0.2641725523220045,0.34412769271457183,10,2.6417255232200447,2.6771742453341774,4,0.36363636363636365,3.167180340396667,"(3,4]"
E02005945,E02005954,116,0,0,0,16,0,0,66,5,25,4,0,3949.0757329766866,0.014229759781304625,0.21551724137931033,0.25902822301253403,0.8320222363139238,87,22.53545540209046,22.837853622209252,48,0.41379310344827586,3.9490757329766866,"(3,4]"
E02005945,E02005955,67,0,0,0,7,1,0,42,1,13,3,0,5141.511537899774,0.019095573650547638,0.19402985074626866,0.19969591710150955,0.9716265287869621,51,10.184491772176987,10.321155182335325,23,0.34328358208955223,5.141511537899774,"(5,6]"
E02005945,E02005956,18,0,0,0,6,0,0,11,0,1,0,0,5811.742964946951,0.02298389354355733,0.05555555555555555,0.16143329679297982,0.3441393854874893,17,2.744366045480657,2.7811920777351826,4,0.2222222222222222,5.811742964946951,"(5,6]"
E02005945,E02005979,37,0,0,0,8,0,0,16,0,12,1,0,7020.523563904258,0.016785437789620467,0.32432432432432434,0.14052299572925495,2.307980431538754,24,1.461256712325591,1.4808649883093508,13,0.35135135135135137,7.020523563904257,"(7,8]"
E02005946,E02005940,16,0,0,0,3,1,0,11,0,0,1,0,6690.851588766497,0.021110727277627056,0,0.1380300880561413,0,15,2.07045132084212,2.0982342426022536,2,0.125,6.690851588766497,"(6,7]"
E02005946,E02005941,50,0,0,0,6,1,1,24,3,13,2,0,5974.185186926263,0.014413331336622707,0.26,0.18899874860240978,1.3756704841837506,35,4.808532477171889,4.873057095669074,18,0.36,5.974185186926262,"(5,6]"
E02005946,E02005942,47,0,0,0,10,0,1,24,0,7,4,1,5927.191622178869,0.01658392786983256,0.14893617021276595,0.18193055343170914,0.8186429788917879,36,6.5494999235415285,6.637386193608359,14,0.2978723404255319,5.927191622178869,"(5,6]"
E02005946,E02005944,38,0,0,0,1,0,0,11,0,2,24,0,175.64139582071357,0.014693094492915471,0.05263157894736842,0.09437975224591019,0.5576575239383417,12,1.1325570269509222,1.147754555601762,3,0.07894736842105263,0.17564139582071356,"(0,1]"
E02005946,E02005945,604,0,0,1,64,1,1,120,28,157,230,2,2027.7214379491136,0.014974748007490355,0.2599337748344371,0.2605813493543096,0.9975148853842489,217,56.546152809885186,57.3049329480797,214,0.3543046357615894,2.0277214379491135,"(2,3]"
E02005946,E02005946,156,0,0,1,6,0,0,43,4,13,88,1,0,0.0153154834166994,0.08333333333333333,0.0365160305451697,2.282102739240823,55,0.8800575212720059,0.8918668157054401,14,0.08974358974358974,0,NA
E02005946,E02005947,562,0,0,0,268,0,6,93,7,153,34,1,5259.462092993672,0.015119674882510429,0.2722419928825623,0.21315603254330232,1.2771958158268721,375,62.58516604361755,63.42498234551813,216,0.38434163701067614,5.2594620929936715,"(5,6]"
E02005946,E02005948,114,0,0,0,32,1,1,38,1,37,4,0,6018.271874689263,0.014413331336622707,0.32456140350877194,0.18727466319885225,1.7330769574747316,73,7.888311222737805,7.994162701260744,45,0.39473684210526316,6.018271874689264,"(6,7]"
E02005946,E02005949,321,0,0,0,30,0,5,59,9,105,113,0,1778.2976988303988,0.010733502389283582,0.32710280373831774,0.27456955759687957,1.1913294634744869,103,23.738743395129877,24.05728826686467,129,0.40186915887850466,1.7782976988303987,"(1,2]"
E02005946,E02005950,102,0,0,0,25,0,2,44,7,15,9,0,3677.780569010673,0.017265237795617117,0.14705882352941177,0.24938728537930244,0.5896805176163833,78,19.45220825958559,19.713233078038254,35,0.3431372549019608,3.677780569010673,"(3,4]"
E02005946,E02005951,11,0,0,0,1,0,2,7,0,1,0,0,5735.611514049978,0.019863349087962744,0.09090909090909091,0.17588368921779213,0.5168705029635839,10,1.7588368921779214,1.7824383298317856,3,0.2727272727272727,5.735611514049978,"(5,6]"
E02005946,E02005952,270,0,0,0,12,0,5,164,16,59,13,1,3105.504789710883,0.01320398966960649,0.21851851851851853,0.2788134275057531,0.783744601088158,198,55.205058646139115,55.9458429426303,115,0.42592592592592593,3.105504789710883,"(3,4]"
E02005946,E02005953,16,0,0,0,2,0,1,10,0,3,0,0,4605.905300337479,0.029370518963671533,0.1875,0.17342103751475094,1.081183705777631,13,2.085190033520024,2.113170730758892,5,0.3125,4.605905300337479,"(4,5]"
E02005946,E02005954,108,0,0,0,12,0,0,60,8,26,2,0,4649.4946529398685,0.014614606806220771,0.24074074074074073,0.23682375596579966,1.0165396615680173,80,18.637640215670316,18.887734528293365,45,0.4166666666666667,4.649494652939868,"(4,5]"
E02005946,E02005955,83,0,0,0,3,0,1,54,6,17,2,0,5802.713360325362,0.019479361425862065,0.20481927710843373,0.1750060081271266,1.1703556883581412,64,9.570068853041425,9.698487459896185,27,0.3253012048192771,5.802713360325362,"(5,6]"
E02005946,E02005956,44,0,0,1,7,0,1,24,2,6,3,0,5143.046144619121,0.01842354925457486,0.13636363636363635,0.20256502028267298,0.6731845220529452,35,7.089775709893554,7.184911819524354,13,0.29545454545454547,5.143046144619121,"(5,6]"
E02005946,E02005979,37,0,0,0,5,0,1,29,0,2,0,0,8990.455003326339,0.010961790001062796,0.05405405405405406,0.09089297266918703,0.5947000352908309,35,3.181254043421546,3.2239425777028257,5,0.13513513513513514,8.990455003326339,"(8,9]"
E02005947,E02005941,38,0,0,0,5,0,0,5,0,16,12,0,3625.4738618564493,0.020184283475962343,0.42105263157894735,0.23584068916907103,1.7853264975709953,10,1.3209947283588817,1.3387208602481435,17,0.4473684210526316,3.6254738618564493,"(3,4]"
E02005947,E02005942,57,0,0,0,12,0,0,0,0,25,20,0,2046.7052910346285,0.02497622224412879,0.43859649122807015,0.21234056265057163,2.0655332441113763,12,1.2336217579993902,1.2501754516018824,26,0.45614035087719296,2.0467052910346286,"(2,3]"
E02005947,E02005945,131,0,0,1,49,0,3,31,3,35,9,0,3269.9816024538445,0.01794906610014051,0.26717557251908397,0.25218601259228846,1.0594385064132374,87,20.709255858377546,20.987148716534616,56,0.42748091603053434,3.2699816024538446,"(3,4]"
E02005947,E02005946,17,0,0,0,5,0,0,9,0,3,0,0,5506.371688608885,0.025722896368299584,0.17647058823529413,0.16131147413565938,1.0939741836770165,14,2.064363740567014,2.09206497445321,5,0.29411764705882354,5.506371688608885,"(5,6]"
E02005947,E02005947,1225,0,1,8,44,1,1,32,7,347,781,3,0,0.010667669783302698,0.283265306122449,0.041207363471159726,6.874142926438406,97,0.5814709265542515,0.5892735544622955,348,0.28408163265306124,0,NA
E02005947,E02005948,142,0,0,1,4,0,0,5,0,28,104,0,948.1657344901281,0.022044989587272638,0.19718309859154928,0.17061622547169392,1.155711293263037,10,1.4762876028491148,1.4960975749805678,29,0.20422535211267606,0.9481657344901281,"(0,1]"
E02005947,E02005949,83,0,1,1,22,0,0,12,0,30,17,0,4433.230929884926,0.011886933827250831,0.3614457831325301,0.2575250964695126,1.4035361527388857,36,6.605389861038525,6.694026105637491,37,0.4457831325301205,4.4332309298849255,"(4,5]"
E02005947,E02005950,56,0,0,0,8,0,0,4,0,22,22,0,2137.6097015758005,0.013590173237284741,0.39285714285714285,0.2706747834400551,1.4513991213523842,12,2.2379077908316147,2.2679377733929917,24,0.42857142857142855,2.1376097015758004,"(2,3]"
E02005947,E02005952,61,0,0,0,21,0,1,30,1,6,2,0,4536.8207135739785,0.013437540535673316,0.09836065573770492,0.24631218204879254,0.39933329695492054,53,13.054545648586005,13.229721667803517,19,0.3114754098360656,4.536820713573978,"(4,5]"
E02005947,E02005953,18,0,0,0,6,0,0,5,3,3,1,0,2742.155138309264,0.014688252637309673,0.16666666666666666,0.27198342764331407,0.6127824335136975,14,3.8077679870063967,3.8588635713356685,7,0.3888888888888889,2.7421551383092644,"(2,3]"
E02005947,E02005954,56,0,0,0,23,0,0,18,2,13,0,0,4477.111172542205,0.010733483860770013,0.23214285714285715,0.2621143779317687,0.8856548006812756,43,11.270918251066055,11.42216017440037,24,0.42857142857142855,4.477111172542205,"(4,5]"
E02005947,E02005955,41,0,0,0,12,0,0,20,0,8,1,0,5079.405858282252,0.014413331336622707,0.1951219512195122,0.2229635226294099,0.8751294782143647,32,7.134832724141117,7.230573443737379,15,0.36585365853658536,5.079405858282252,"(5,6]"
E02005947,E02005979,32,0,0,0,9,1,0,12,0,9,1,0,3920.348863127204,0.017798508198648706,0.28125,0.24159512192360205,1.1641377431823219,22,4.5656905408716915,4.626956517908248,14,0.4375,3.920348863127204,"(3,4]"
E02005948,E02005940,13,0,0,0,1,0,0,4,1,6,1,0,4393.121536086058,0.017981358737871878,0.46153846153846156,0.22843532708245884,2.020433824457716,6,0.6783750825705093,0.6874780456072905,7,0.5384615384615384,4.393121536086058,"(4,5]"
E02005948,E02005941,48,0,0,0,10,0,0,11,2,21,4,0,3965.744814153785,0.009924183942249837,0.4375,0.2815727309266855,1.5537726205238038,23,4.168031232993754,4.223961108994393,25,0.5208333333333334,3.9657448141537848,"(3,4]"
E02005948,E02005942,49,0,0,0,8,0,0,5,0,23,13,0,2511.158945823522,0.017572177820169677,0.46938775510204084,0.2556153604089726,1.836304963641631,13,1.809612102080639,1.8338948808845612,25,0.5102040816326531,2.511158945823522,"(2,3]"
E02005948,E02005945,128,0,0,0,46,0,1,24,4,40,12,1,4154.9949184340985,0.014477411612377887,0.3125,0.252420341426866,1.2380143305152012,76,15.495738195904721,15.70367203022314,56,0.4375,4.154994918434099,"(4,5]"
E02005948,E02005946,19,0,0,0,6,0,0,9,1,2,1,0,5997.725127674404,0.014443364836072153,0.10526315789473684,0.18795432426789846,0.5600464809987625,16,3.0072691882863753,3.0476230588308124,5,0.2631578947368421,5.9977251276744035,"(5,6]"
E02005948,E02005947,945,0,0,7,37,0,1,54,6,288,552,0,965.2940389824485,0.01587658757747877,0.3047619047619048,0.19710292396781798,1.5462069188362972,105,13.384888377162946,13.564497191341484,302,0.31957671957671957,0.9652940389824485,"(0,1]"
E02005948,E02005948,297,0,0,7,7,0,3,26,2,35,215,2,0,0.01423531355304016,0.11784511784511785,0.0375582498343487,3.1376626537412085,47,0.5625964091804447,0.570145764174425,36,0.12121212121212122,0,NA
E02005948,E02005949,100,0,0,2,22,0,0,23,1,44,8,0,5052.947139530228,0.018960546225923403,0.44,0.20326390238405048,2.164673583648198,48,4.507223346806487,4.567704765683238,49,0.49,5.052947139530228,"(5,6]"
E02005948,E02005950,53,0,0,0,10,0,0,14,0,21,8,0,2757.325911221104,0.0227686056408883,0.39622641509433965,0.23092865300801127,1.7157958093688528,24,3.230155734108579,3.2735004692058935,24,0.4528301886792453,2.757325911221104,"(2,3]"
E02005948,E02005952,90,0,0,0,26,0,2,38,3,17,4,0,5156.536923219281,0.016634574629935565,0.18888888888888888,0.21002047890548575,0.8993831928832684,69,14.491413044478517,14.685870064914415,32,0.35555555555555557,5.156536923219281,"(5,6]"
E02005948,E02005954,89,0,0,0,26,0,0,36,2,22,3,0,4959.955143591376,0.02568166493033912,0.24719101123595505,0.1781529188288978,1.3875215340892788,64,8.217376469427697,8.327643600668829,30,0.33707865168539325,4.959955143591376,"(4,5]"
E02005948,E02005955,27,0,0,0,8,0,0,12,0,6,1,0,5697.058568602439,0.017058835510575448,0.2222222222222222,0.18858078797571395,1.178392691045711,20,3.2006442234187062,3.2435929501751017,9,0.3333333333333333,5.697058568602439,"(5,6]"
E02005948,E02005978,13,0,0,0,7,0,0,3,0,3,0,0,3484.875019266675,0.016396333654071633,0.23076923076923078,0.25723174408169336,0.8971257866833946,10,2.5723174408169336,2.6068347914452867,6,0.46153846153846156,3.4848750192666746,"(3,4]"
E02005948,E02005979,59,0,0,0,4,1,0,13,2,16,23,0,2985.8873262606376,0.014706282426938675,0.2711864406779661,0.2714875273868759,0.9988909740649677,20,5.429750547737519,5.502611152150801,22,0.3728813559322034,2.9858873262606376,"(2,3]"
E02005949,E02005941,21,0,0,0,8,0,1,7,0,1,4,0,6411.942623207033,0.008177172688310233,0.047619047619047616,0.19722356399349356,0.24144704950478726,16,3.155577023895897,3.197921004012907,4,0.19047619047619047,6.4119426232070325,"(6,7]"
E02005949,E02005942,36,0,0,0,16,0,1,5,2,11,1,0,6128.342986810723,0.009427296299601966,0.3055555555555556,0.20399837141245064,1.4978333083736892,24,3.268695445967035,3.3125573368112353,14,0.3888888888888889,6.128342986810723,"(6,7]"
E02005949,E02005945,504,0,0,1,78,0,1,62,23,87,250,2,1837.4173434676259,0.006615745863460528,0.17261904761904762,0.29976928616691634,0.5758396726572267,167,50.06147078987503,50.73323443490805,138,0.27380952380952384,1.837417343467626,"(1,2]"
E02005949,E02005946,48,0,0,0,7,0,1,16,0,11,13,0,2028.9673391929925,0.017265237795617117,0.22916666666666666,0.24885264176472846,0.9208930435358873,24,5.972463402353483,6.052606548803002,17,0.3541666666666667,2.0289673391929925,"(2,3]"
E02005949,E02005947,510,0,0,0,271,4,8,49,7,97,72,2,4477.698978385102,0.017798538844418794,0.19019607843137254,0.2268380370496762,0.8384664269939909,341,77.35177063393958,78.38973668988939,175,0.3431372549019608,4.477698978385102,"(4,5]"
E02005949,E02005948,74,0,0,0,22,0,0,27,4,14,7,0,5091.069256895332,0.014413331336622707,0.1891891891891892,0.22254257051203982,0.8501258377392286,53,11.794756237138111,11.953027424882325,26,0.35135135135135137,5.091069256895332,"(5,6]"
E02005949,E02005949,402,0,0,1,22,0,1,36,7,54,279,2,0,0.01540515418063031,0.13432835820895522,0.0364307719210917,3.6872223981393444,69,0.6817389870011119,0.6908870895167417,55,0.13681592039800994,0,NA
E02005949,E02005950,100,0,0,0,26,1,0,28,0,13,32,0,2556.197662134311,0.017452960908353035,0.13,0.2565919187413636,0.5066410533803125,55,14.112555530775,14.301928747232747,27,0.27,2.556197662134311,"(2,3]"
E02005949,E02005952,205,0,0,0,27,0,2,93,5,55,23,0,1511.0942402065618,0.011831381275406259,0.2682926829268293,0.2558435301603904,1.0486592440255746,127,30.98444849028305,31.400221853086045,86,0.4195121951219512,1.511094240206562,"(1,2]"
E02005949,E02005954,69,0,0,0,13,1,0,27,5,14,9,0,3024.1383521538955,0.015750045885385488,0.2028985507246377,0.26573333750190054,0.763541950106981,46,12.223733525087425,12.387761062815816,26,0.37681159420289856,3.0241383521538956,"(3,4]"
E02005949,E02005955,65,0,0,0,10,1,1,43,2,6,2,0,4081.8335220166405,0.014000598283324589,0.09230769230769231,0.2568343792442899,0.3594055148664236,57,14.639559616924526,14.836004582978786,21,0.3230769230769231,4.08183352201664,"(4,5]"
E02005949,E02005956,34,0,0,1,4,0,0,15,3,8,3,0,3970.8514722475365,0.015404882021129569,0.23529411764705882,0.25244527026849206,0.9320599169745115,23,5.806241216175318,5.88415386440114,14,0.4117647058823529,3.9708514722475368,"(3,4]"
E02005949,E02005957,16,0,0,0,2,0,0,8,0,4,2,0,5126.906929387239,0.011641543112028292,0.25,0.23443412768813066,1.0663976378583273,10,2.19837440899579,2.2278739019757885,6,0.375,5.126906929387239,"(5,6]"
E02005949,E02005979,12,0,0,0,3,0,1,7,0,0,1,0,8034.641651388917,0.019441480161428853,0,0.09952073754468682,0,11,1.0947281129915551,1.1094180239330462,1,0.08333333333333333,8.034641651388917,"(8,9]"
E02005950,E02005940,31,0,0,0,12,0,0,9,0,8,2,0,5802.955060236189,0.027752054733787654,0.25806451612903225,0.14499187648306183,1.7798549986983563,21,1.710717675524716,1.7336734122060544,10,0.3225806451612903,5.802955060236188,"(5,6]"
E02005950,E02005941,49,0,0,0,11,0,0,16,2,14,6,0,5046.818915028514,0.014211744590243783,0.2857142857142857,0.22508506314957663,1.2693613770560106,29,5.142323493784463,5.2113271790461875,19,0.3877551020408163,5.046818915028514,"(5,6]"
E02005950,E02005942,61,0,0,0,13,0,0,17,0,24,7,0,3796.8097674820933,0.010364802285120631,0.39344262295081966,0.2833138980597183,1.3887162812884242,30,6.120340818576675,6.202468298897587,30,0.4918032786885246,3.7968097674820935,"(3,4]"
E02005950,E02005943,16,0,0,0,2,0,0,4,0,5,5,0,2332.3414521843774,0.018007679302461554,0.3125,0.25129477178438814,1.2435594970042838,6,1.2124619966624202,1.228731752174811,6,0.375,2.3323414521843775,"(2,3]"
E02005950,E02005945,285,0,0,0,59,0,0,42,10,98,76,0,1988.6555652358231,0.011579009601194365,0.34385964912280703,0.27751357967918355,1.2390732356965093,111,24.860521926352313,25.194119692521966,123,0.43157894736842106,1.988655565235823,"(1,2]"
E02005950,E02005946,34,0,0,0,12,0,1,13,1,3,4,0,3935.1583844037864,0.012655548883321316,0.08823529411764706,0.26763192843528527,0.32968896735720676,27,7.226062067752702,7.32302697344321,10,0.29411764705882354,3.9351583844037865,"(3,4]"
E02005950,E02005947,1328,0,3,4,251,3,5,70,5,444,537,6,2130.335674222998,0.010066664202343414,0.33433734939759036,0.28972178687509254,1.153994502808078,347,87.11779804931786,88.28681223610631,532,0.4006024096385542,2.130335674222998,"(2,3]"
E02005950,E02005948,237,0,0,1,34,2,0,36,3,69,91,1,2743.7059527332276,0.008797035333938373,0.2911392405063291,0.3046648317962013,0.9556050128591153,77,23.4591920483075,23.773985683237775,93,0.3924050632911392,2.7437059527332277,"(2,3]"
E02005950,E02005949,258,0,0,1,25,0,2,27,3,80,119,1,2547.116830794468,0.009701221068205843,0.31007751937984496,0.2985126439867705,1.0387416601140251,59,16.955366932415245,17.182887197275203,97,0.375968992248062,2.5471168307944683,"(2,3]"
E02005950,E02005950,373,0,0,2,17,0,0,24,4,54,269,3,0,0.019864460093269115,0.1447721179624665,0.0324245644609718,4.464890134043994,50,0.3631059610374313,0.3679783984642808,54,0.1447721179624665,0,NA
E02005950,E02005951,13,0,0,0,3,0,0,2,0,3,5,0,3001.8517280277592,0.017981392170679567,0.23076923076923078,0.25424243375682204,0.9076739368769459,5,1.2712121687841103,1.2882702796753598,4,0.3076923076923077,3.0018517280277592,"(3,4]"
E02005950,E02005952,155,0,0,1,29,0,6,50,4,39,25,1,2399.2110119981753,0.015405227694730524,0.25161290322580643,0.26570984424894534,0.9469461093435011,91,24.179595826654026,24.504056398260392,64,0.4129032258064516,2.399211011998175,"(2,3]"
E02005950,E02005953,28,0,0,0,0,0,0,3,0,8,17,0,1095.8319493228094,0.014413331336622707,0.2857142857142857,0.214815846389031,1.330042874010597,3,0.48453140252827553,0.4910332207121948,8,0.2857142857142857,1.0958319493228093,"(1,2]"
E02005950,E02005954,141,0,0,0,28,2,2,40,4,42,23,0,2307.958963766052,0.017697389029278754,0.2978723404255319,0.25250669244470286,1.1796611707262523,76,16.26781409952053,16.48610824717117,58,0.41134751773049644,2.307958963766052,"(2,3]"
E02005950,E02005955,81,0,0,1,25,0,0,28,3,13,10,1,3500.394768689139,0.013541932051705275,0.16049382716049382,0.27200236535641287,0.590045704015088,58,15.776137190671946,15.987833636192482,29,0.35802469135802467,3.500394768689139,"(3,4]"
E02005950,E02005956,38,0,0,0,12,0,1,8,2,9,6,0,4355.921353934752,0.016190929728490934,0.23684210526315788,0.23817306295480836,0.9944118042773669,23,5.477980447960593,5.551488238584392,15,0.39473684210526316,4.355921353934752,"(4,5]"
E02005950,E02005957,14,0,0,0,5,0,0,5,0,2,2,0,5303.174704892677,0.012140772917194016,0.14285714285714285,0.2253046539573089,0.6340621036803423,10,2.2530465395730888,2.2832796656073873,4,0.2857142857142857,5.303174704892677,"(5,6]"
E02005950,E02005978,11,0,0,0,4,0,0,6,0,1,0,0,6206.786090499702,0.013672579796730675,0.09090909090909091,0.18286783875736812,0.49713001218169645,10,1.8286783875736812,1.8532170125850351,3,0.2727272727272727,6.206786090499702,"(6,7]"
E02005950,E02005979,47,0,0,0,10,0,1,10,3,19,4,0,5687.278347226813,0.012295029298925128,0.40425531914893614,0.20948835238171046,1.9297269492689464,24,2.605405111363419,2.6403664580194812,22,0.46808510638297873,5.687278347226813,"(5,6]"
E02005951,E02005941,35,0,0,0,9,0,0,7,2,16,1,0,5243.882534033855,0.02053181923799185,0.45714285714285713,0.19015032340175606,2.404112961601386,18,1.4236876036605763,1.4427917482039438,17,0.4857142857142857,5.2438825340338555,"(5,6]"
E02005951,E02005942,36,0,0,0,8,0,0,11,1,12,4,0,3665.113963212035,0.031701349682289014,0.3333333333333333,0.18374780898650522,1.8140805878007173,20,2.0257954384404724,2.052979132933389,14,0.3888888888888889,3.665113963212035,"(3,4]"
E02005951,E02005945,112,0,0,0,37,0,0,21,7,37,9,1,4096.504038991461,0.009607247027062884,0.33035714285714285,0.27975699035058377,1.1808718075038924,66,15.635872789754671,15.845687058748192,53,0.4732142857142857,4.096504038991461,"(4,5]"
E02005951,E02005946,14,0,0,0,6,0,0,6,0,1,1,0,6024.351614362985,0.011718893046410127,0.07142857142857142,0.19837488151239335,0.36006862806422885,12,2.3804985781487202,2.4124419544942772,3,0.21428571428571427,6.024351614362985,"(6,7]"
E02005951,E02005947,902,0,0,5,134,0,6,64,10,316,364,3,1627.3885232304542,0.018172890636934367,0.35033259423503327,0.2301429781512944,1.5222389014394655,222,33.56354978267458,34.01393152708822,350,0.38802660753880264,1.6273885232304541,"(1,2]"
E02005951,E02005948,179,0,0,0,13,1,0,27,3,74,61,0,2286.882291927259,0.013012829473384585,0.4134078212290503,0.27681073863721795,1.4934674256653513,44,8.155298395350973,8.26473251484354,82,0.4581005586592179,2.2868822919272587,"(2,3]"
E02005951,E02005949,112,0,1,1,21,0,2,32,0,49,6,0,5192.0936986440975,0.013165490321439575,0.4375,0.22468970892083828,1.947129675414454,57,6.577534906996729,6.665797372216781,56,0.5,5.192093698644097,"(5,6]"
E02005951,E02005950,88,0,0,0,10,1,0,20,2,35,20,0,2998.966780016304,0.014158384711637518,0.3977272727272727,0.2743619294776304,1.4496445388196642,33,6.245630173679503,6.32943888374736,41,0.4659090909090909,2.998966780016304,"(2,3]"
E02005951,E02005951,81,0,0,0,1,0,0,19,0,11,50,0,0,0.014554021338824661,0.13580246913580246,0.03724780161778377,3.6459190405203477,20,0.20432599409814511,0.20706779877157322,11,0.13580246913580246,0,NA
E02005951,E02005952,87,0,0,0,14,0,1,44,4,20,4,0,4199.281263563823,0.017153235139238478,0.22988505747126436,0.23782914902045765,0.9665974857080704,63,14.983236388288832,15.184293075832736,35,0.40229885057471265,4.199281263563823,"(4,5]"
E02005951,E02005953,13,0,0,0,0,0,0,5,1,6,1,0,2163.4083462096387,0.01320446384799325,0.46153846153846156,0.2733286244125721,1.6885844376174766,6,0.9712109800024958,0.9842434422479822,7,0.5384615384615384,2.1634083462096387,"(2,3]"
E02005951,E02005954,99,0,0,1,18,0,0,35,5,29,11,0,3121.453497501994,0.008653930362792916,0.29292929292929293,0.30408698756108604,0.9633075564288929,59,17.941132266104077,18.18188029481631,47,0.47474747474747475,3.121453497501994,"(3,4]"
E02005951,E02005955,47,0,0,0,7,0,0,26,0,12,2,0,3446.968940724876,0.017452980940266618,0.2553191489361702,0.25238926176582266,1.0116086046999337,33,8.233268874519581,8.343749262379115,20,0.425531914893617,3.4469689407248763,"(3,4]"
E02005951,E02005956,18,0,0,0,6,0,1,6,0,2,2,1,5551.540728279381,0.017697389029278754,0.1111111111111111,0.1912511313159812,0.5809696933375814,14,2.6775158384237367,2.7134448227478836,5,0.2777777777777778,5.551540728279381,"(5,6]"
E02005951,E02005978,15,0,0,0,1,0,0,10,1,3,0,0,5064.8915307312345,0.014413331336622707,0.2,0.22348620841337516,0.8949098086181073,12,2.681834500960502,2.71782143644832,6,0.4,5.064891530731234,"(5,6]"
E02005951,E02005979,38,0,0,0,7,0,0,14,0,13,4,0,3513.796346389705,0.02096059570637388,0.34210526315789475,0.23391289917059338,1.462532696447819,21,3.358674233070536,3.403743529071768,16,0.42105263157894735,3.513796346389705,"(3,4]"
E02005952,E02005940,35,0,0,0,8,0,0,17,1,8,1,0,8202.16607223436,0.008332545761000131,0.22857142857142856,0.12368957065425833,1.8479442313721008,26,1.7402737498322043,1.7636260928436485,10,0.2857142857142857,8.20216607223436,"(8,9]"
E02005952,E02005941,78,0,0,0,27,0,0,30,3,12,6,0,7897.866271164696,0.02076611040718769,0.15384615384615385,0.10034942634081213,1.5331044676195082,60,3.9273028731027315,3.980002469250388,16,0.20512820512820512,7.897866271164696,"(7,8]"
E02005952,E02005942,79,0,0,0,22,0,0,28,2,17,10,0,6196.0207794802645,0.012370385931458361,0.21518987341772153,0.18862789433458377,1.1408168138484478,52,8.597918952745545,8.713292498194052,26,0.3291139240506329,6.196020779480264,"(6,7]"
E02005952,E02005943,26,0,0,0,9,1,0,7,1,4,4,0,4657.980548628753,0.009982266361669354,0.15384615384615385,0.25992039325399935,0.5918972032941345,18,4.678567078571988,4.74134772054363,9,0.34615384615384615,4.657980548628753,"(4,5]"
E02005952,E02005944,25,0,0,0,7,0,0,12,3,3,0,0,3223.190676052114,0.018858023044203948,0.12,0.24807515821248502,0.48372437153588677,22,5.45765348067467,5.530888508284899,9,0.36,3.223190676052114,"(3,4]"
E02005952,E02005945,641,0,0,0,192,0,6,164,30,138,109,2,3229.679410040166,0.022933959650783604,0.21528861154446177,0.2280183264664033,0.9441724043886571,394,89.8392206277629,91.04475297356919,229,0.35725429017160687,3.2296794100401662,"(3,4]"
E02005952,E02005946,91,0,0,0,15,0,0,54,8,7,7,0,3344.743824578231,0.016200488598670074,0.07692307692307693,0.26028806852657277,0.295530553353904,77,20.042181276546103,20.311122810550494,27,0.2967032967032967,3.344743824578231,"(3,4]"
E02005952,E02005947,1306,0,1,3,607,5,18,158,30,336,144,4,4529.546686221172,0.018801404630326164,0.2572741194486983,0.22058848124578628,1.166308041089579,826,156.2246671460829,158.32101090487132,494,0.3782542113323124,4.529546686221172,"(4,5]"
E02005952,E02005948,278,0,0,0,77,6,0,74,1,95,23,2,5142.916964731402,0.009858186243472006,0.34172661870503596,0.24258189651815387,1.4087061879304852,160,27.55230563722058,27.92202384509366,123,0.44244604316546765,5.142916964731402,"(5,6]"
E02005952,E02005949,449,0,0,0,57,1,1,100,15,110,164,1,1511.0942402065623,0.01678245852731706,0.24498886414253898,0.23118418296018375,1.05971291377115,175,38.17753987167989,38.68983571393029,149,0.33184855233853006,1.5110942402065624,"(1,2]"
E02005952,E02005950,291,0,0,0,60,1,0,81,11,66,72,0,2399.211011998175,0.011453822347925696,0.2268041237113402,0.2870829139250588,0.790030032127046,153,43.923685830534,44.513087916234845,111,0.38144329896907214,2.3992110119981747,"(2,3]"
E02005952,E02005951,16,0,0,0,4,0,0,9,0,3,0,0,4202.2832212746425,0.009626312643696627,0.1875,0.2765935738045371,0.677889935839588,13,3.5957164594589823,3.6439665719147256,7,0.4375,4.202283221274643,"(4,5]"
E02005952,E02005952,865,0,0,0,44,4,5,308,42,177,284,1,0,0.009843118261535992,0.2046242774566474,0.04209782391897231,4.86068538484311,404,3.4989964411806445,3.5459486894106433,181,0.2092485549132948,0,NA
E02005952,E02005953,53,0,0,0,7,0,0,20,2,12,12,0,2492.008053397352,0.009706915098684878,0.22641509433962265,0.2979661660491501,0.7598684687652592,29,8.641018815425353,8.75697070826153,21,0.39622641509433965,2.492008053397352,"(2,3]"
E02005952,E02005954,401,0,0,6,35,1,0,133,5,54,166,1,1540.9399274320226,0.02474231176017093,0.13466334164588528,0.1964876833695321,0.685352584633132,181,35.56427068988531,36.04149965928287,90,0.22443890274314215,1.5409399274320226,"(1,2]"
E02005952,E02005955,209,0,0,0,29,1,2,102,10,42,23,0,2569.4984460605906,0.01757220445869476,0.20095693779904306,0.25607157262900787,0.7847686322065356,144,36.87430645857713,37.36911450404287,79,0.37799043062200954,2.5694984460605905,"(2,3]"
E02005952,E02005956,109,0,0,0,7,1,1,50,3,18,29,0,2670.8650931553084,0.01183139345229963,0.1651376146788991,0.2873421963813058,0.5747071497280543,62,17.81521617564096,18.05427456458506,36,0.3302752293577982,2.6708650931553084,"(2,3]"
E02005952,E02005957,23,0,0,0,7,0,0,12,0,2,2,0,3632.717863875197,0.013541932051705275,0.08695652173913043,0.2696064151735367,0.3225313525390685,19,5.122521888297197,5.191259860257459,7,0.30434782608695654,3.632717863875197,"(3,4]"
E02005952,E02005978,30,0,0,0,3,0,0,23,2,2,0,0,8605.997102497879,0.02096059570637388,0.06666666666666667,0.08034107544670059,0.8297955472464926,28,2.2495501125076167,2.279736320771561,4,0.13333333333333333,8.605997102497879,"(8,9]"
E02005952,E02005979,64,0,0,1,13,0,0,33,4,11,0,2,7330.891312351186,0.014413331336622707,0.171875,0.13693370048109252,1.2551694681159375,53,5.782076691517757,5.85966508140861,17,0.265625,7.330891312351186,"(7,8]"
E02005953,E02005940,16,0,0,0,5,0,0,3,0,7,1,0,6397.700686533926,0.01914574423647266,0.4375,0.15491103599073872,2.824201627740426,8,0.4388101315972379,0.4446984263042883,7,0.4375,6.397700686533926,"(6,7]"
E02005953,E02005941,35,0,0,0,7,0,0,8,0,19,1,0,5641.564541326254,0.015347955815206092,0.5428571428571428,0.19787387432593576,2.7434503150373164,15,1.081888780205106,1.0964064030204927,20,0.5714285714285714,5.641564541326254,"(5,6]"
E02005953,E02005942,47,0,0,0,8,0,0,15,0,19,5,0,4391.5553937798295,0.016932742567692404,0.40425531914893614,0.23351977366626178,1.7311395639098366,23,3.102554471225613,3.144186953604167,22,0.46808510638297873,4.3915553937798295,"(4,5]"
E02005953,E02005945,145,0,0,1,22,0,1,37,5,54,24,1,2982.6673649331947,0.012443301246423802,0.3724137931034483,0.28378087345162356,1.3123287294657442,67,14.488228516493118,14.682642804462443,69,0.47586206896551725,2.9826673649331945,"(2,3]"
E02005953,E02005946,11,0,0,0,2,0,0,6,0,2,1,0,4704.134338832659,0.017479786526842584,0.18181818181818182,0.22137433605167262,0.8213155375686471,8,1.770994688413381,1.7947592688072773,4,0.36363636363636365,4.704134338832659,"(4,5]"
E02005953,E02005947,632,0,0,2,144,1,3,52,8,260,160,2,2725.0813005207365,0.023127501372255502,0.41139240506329117,0.2291556920397222,1.7952528318257082,212,27.060816087400877,27.42393910727262,287,0.4541139240506329,2.7250813005207366,"(2,3]"
E02005953,E02005948,108,0,0,0,23,0,1,14,3,51,16,0,3338.451579030966,0.010818872391586624,0.4722222222222222,0.289370223099997,1.6318963892115377,41,7.270179176529791,7.367736079805125,58,0.5370370370370371,3.338451579030966,"(3,4]"
E02005953,E02005949,127,0,0,0,7,0,0,20,1,62,37,0,3214.806146009098,0.011010437026457444,0.4881889763779528,0.28984523615059915,1.6843091260064638,28,4.818394964978436,4.883051925986807,67,0.5275590551181102,3.214806146009098,"(3,4]"
E02005953,E02005950,174,0,0,1,12,0,0,32,4,42,82,1,1133.7494337614999,0.017850945978688148,0.2413793103448276,0.20243573821134805,1.192374985156136,50,8.48876153607164,8.602670322635715,51,0.29310344827586204,1.1337494337615,"(1,2]"
E02005953,E02005951,17,0,0,0,0,0,0,9,1,4,3,0,2163.4083462096387,0.01448336924207928,0.23529411764705882,0.26651036721513877,0.8828704117807138,10,2.6651036721513877,2.700866100401046,7,0.4117647058823529,2.1634083462096387,"(2,3]"
E02005953,E02005952,154,0,0,0,16,0,0,73,8,34,22,1,2464.9787297421963,0.013766803209462919,0.22077922077922077,0.275231968922141,0.8021568920348634,98,26.97273295436982,27.334674006441233,61,0.3961038961038961,2.4649787297421963,"(2,3]"
E02005953,E02005953,54,0,0,1,3,0,0,13,1,12,24,0,0,0.010138632171761267,0.2222222222222222,0.04177659321070634,5.319299759590544,18,0.14136798296371966,0.14326496821062296,12,0.2222222222222222,0,NA
E02005953,E02005954,137,0,0,1,24,0,0,36,2,42,32,0,1686.4994490339727,0.011023327898193729,0.30656934306569344,0.26900837573862013,1.139627501277392,63,14.871111527702544,15.070663636897914,57,0.41605839416058393,1.6864994490339726,"(1,2]"
E02005953,E02005955,61,0,0,0,11,1,0,27,1,17,4,0,2145.893032801153,0.010540503224387928,0.2786885245901639,0.2874656658572995,0.9694671666581127,40,11.49862663429198,11.652924125333493,29,0.47540983606557374,2.145893032801153,"(2,3]"
E02005953,E02005956,17,0,0,0,6,1,0,7,0,1,2,0,4067.399066664517,0.017949879045242038,0.058823529411764705,0.23733550439069945,0.2478496825107548,14,3.322697061469792,3.36728358787694,4,0.23529411764705882,4.067399066664517,"(4,5]"
E02005953,E02005957,11,0,0,0,2,0,0,6,0,2,0,1,4829.131012772363,0.016634599495927094,0.18181818181818182,0.22125083253676514,0.821774000728197,9,1.9912574928308864,2.0179777303803976,4,0.36363636363636365,4.829131012772363,"(4,5]"
E02005953,E02005979,33,0,0,0,7,1,1,11,1,11,1,0,5292.01643728618,0.013964862033949879,0.3333333333333333,0.21722610290434768,1.5344994403371115,21,2.972792326329646,3.012683559598511,14,0.42424242424242425,5.29201643728618,"(5,6]"
E02005954,E02005940,37,0,0,0,13,0,0,16,2,5,1,0,8106.195611863035,0.009607247027062884,0.13513513513513514,0.12343598419943974,1.0947790955090753,31,3.4952398395982267,3.5421416788344002,9,0.24324324324324326,8.1061956118630345,"(8,9]"
E02005954,E02005941,37,0,0,0,14,0,0,10,1,8,4,0,7350.059466655367,0.016200488598670074,0.21621621621621623,0.13064415967423013,1.6550010100364663,25,1.9734755278389755,1.9999571531897171,10,0.2702702702702703,7.350059466655367,"(7,8]"
E02005954,E02005942,65,0,0,0,14,0,0,27,2,20,2,0,6100.050319108939,0.010818872391586624,0.3076923076923077,0.1991297221460403,1.5451852409388107,43,5.5414573123138,5.61581688473906,26,0.4,6.100050319108939,"(6,7]"
E02005954,E02005945,282,0,0,0,90,0,6,93,20,54,16,3,3967.003811841046,0.011584819625884835,0.19148936170212766,0.2725418143732397,0.7026054410861425,212,57.77886464712682,58.554186268901326,113,0.40070921985815605,3.967003811841046,"(3,4]"
E02005954,E02005946,28,0,0,0,3,0,0,18,1,5,1,0,4878.193423489131,0.011457762471329621,0.17857142857142858,0.24455545352713584,0.7301878817092676,22,5.3802199775969886,5.452415942401942,10,0.35714285714285715,4.878193423489131,"(4,5]"
E02005954,E02005947,967,0,0,2,464,1,10,119,21,284,63,3,4441.186833331828,0.010956882567952436,0.2936918304033092,0.26211003794578314,1.1204905874839433,620,145.03310009171702,146.97926672307685,431,0.44570837642192346,4.441186833331828,"(4,5]"
E02005954,E02005948,198,0,0,0,48,4,2,65,2,65,9,3,4959.955143591378,0.011076213713362787,0.3282828282828283,0.24346760346251786,1.3483634931879873,124,22.390092124174085,22.690539747079367,88,0.4444444444444444,4.959955143591378,"(4,5]"
E02005954,E02005949,172,0,0,0,31,1,3,55,9,53,20,0,3024.1383521538974,0.016427339885559465,0.3081395348837209,0.2621733184452091,1.1753275913472416,99,22.08333975749187,22.379671139209798,75,0.436046511627907,3.0241383521538974,"(3,4]"
E02005954,E02005950,196,0,0,0,52,1,1,53,3,55,30,1,2307.958963766052,0.021078555266443005,0.28061224489795916,0.23563434209352527,1.1908800831187067,111,21.963094641640872,22.257812481126678,77,0.39285714285714285,2.307958963766052,"(2,3]"
E02005954,E02005951,16,0,0,0,4,0,0,6,1,2,3,0,3121.453497501994,0.014413331336622707,0.125,0.2721519989820751,0.4593021563961871,11,2.9936719888028263,3.033843401577981,5,0.3125,3.121453497501994,"(3,4]"
E02005954,E02005952,433,0,0,1,23,2,12,163,15,97,120,0,1530.3996631139348,0.011783335250998103,0.22401847575057737,0.25715901038980665,0.8711282385595037,216,55.54634624419824,56.29171020239851,153,0.3533487297921478,1.5303996631139347,"(1,2]"
E02005954,E02005953,45,0,0,0,0,0,0,13,0,14,18,0,1713.5287726891277,0.016785437789620467,0.3111111111111111,0.24061205824048196,1.292998835495469,13,2.419148935990845,2.451610952816919,16,0.35555555555555557,1.7135287726891277,"(1,2]"
E02005954,E02005954,341,0,0,1,21,2,0,68,10,57,180,2,0,0.007899801499133616,0.16715542521994134,0.04426979019423247,3.775835044316939,104,1.219348336503685,1.235710498265427,58,0.17008797653958943,0,NA
E02005954,E02005955,169,0,0,0,16,0,0,85,4,32,31,1,1200.7555042167473,0.012613913582806287,0.1893491124260355,0.2315479992052457,0.8177531789345982,106,24.544087915756045,24.873439524930774,57,0.33727810650887574,1.2007555042167473,"(1,2]"
E02005954,E02005956,84,0,0,0,7,0,1,30,2,12,32,0,2476.3322439718095,0.012440026141150144,0.14285714285714285,0.28257187919318527,0.5055603666756805,40,11.30287516772741,11.454545913756737,23,0.27380952380952384,2.4763322439718096,"(2,3]"
E02005954,E02005957,33,0,0,0,10,0,0,11,1,11,0,0,3238.064190079654,0.012944636502626878,0.3333333333333333,0.2789370130747381,1.1950129158514373,22,5.135186579361737,5.204094495970019,16,0.48484848484848486,3.238064190079654,"(3,4]"
E02005954,E02005978,25,0,0,0,3,0,0,22,0,0,0,0,8061.0244309210875,0.01343042817141948,0,0.11418517046220326,0,25,2.8546292615550817,2.892934891168105,3,0.12,8.061024430921087,"(8,9]"
E02005954,E02005979,48,0,0,0,8,0,0,21,1,16,2,0,6250.0615885785355,0.014614982610386545,0.3333333333333333,0.17739971615023284,1.878995866323971,30,2.832359336116487,2.870366130596399,19,0.3958333333333333,6.250061588578536,"(6,7]"
E02005955,E02005940,27,0,0,0,13,0,0,10,3,1,0,0,9306.947550301358,0.014477832151994592,0.037037037037037035,0.07499914788791377,0.49383277117213237,26,1.949977845085758,1.9761441603034358,3,0.1111111111111111,9.306947550301357,"(9,10]"
E02005955,E02005941,34,0,0,0,13,0,0,11,0,8,2,0,8879.570828369086,0.01575006240206692,0.23529411764705882,0.0837209250453217,2.8104576904720546,24,0.7149377156253263,0.7245313044320935,9,0.2647058823529412,8.879570828369086,"(8,9]"
E02005955,E02005942,54,0,0,0,22,0,0,23,0,6,2,1,7300.802257547264,0.016190929728490934,0.1111111111111111,0.1324111744776159,0.8391369652105489,46,6.090914025970332,6.172646634763282,12,0.2222222222222222,7.300802257547264,"(7,8]"
E02005955,E02005943,22,0,0,0,5,0,1,10,0,2,4,0,5843.237603514893,0.008332761273478853,0.09090909090909091,0.22114117154244664,0.4110907538157882,16,3.5382587446791463,3.5857378449511326,6,0.2727272727272727,5.8432376035148925,"(5,6]"
E02005955,E02005945,283,0,0,0,81,0,5,122,20,41,14,0,5159.439616764136,0.019146072764362084,0.14487632508833923,0.19887061341377035,0.7284953900499589,228,45.34249985833964,45.95094069116287,87,0.30742049469964666,5.1594396167641365,"(5,6]"
E02005955,E02005946,37,0,0,0,4,0,0,24,1,3,4,1,6041.952395192713,0.014413331336622707,0.08108108108108109,0.18634800608240415,0.4351057077864658,30,5.590440182472125,5.6654570450425314,9,0.24324324324324326,6.041952395192713,"(6,7]"
E02005955,E02005947,688,0,0,1,358,5,12,104,21,146,38,3,5263.076817565686,0.014244911065539828,0.21220930232558138,0.21701807065874842,0.9778416225037379,504,109.37710761200921,110.84481447985202,257,0.373546511627907,5.263076817565686,"(5,6]"
E02005955,E02005948,141,0,0,0,39,3,0,48,4,35,12,0,5697.058568602438,0.01465718099293853,0.24822695035460993,0.19872511183438785,1.2490970469875773,94,14.954931290153182,15.15560815793557,50,0.3546099290780142,5.697058568602438,"(5,6]"
E02005955,E02005949,154,0,0,0,23,1,3,71,10,39,7,0,4116.28812786492,0.01026126235866836,0.2532467532467532,0.27564988248609795,0.9187261426078257,108,29.770187308498578,30.169666772927684,69,0.44805194805194803,4.11628812786492,"(4,5]"
E02005955,E02005950,167,0,0,0,52,1,2,65,5,31,10,1,3500.3947686891397,0.01794997806222542,0.18562874251497005,0.24903852344102184,0.7453816379494046,126,31.37885395356875,31.79991975479709,63,0.3772455089820359,3.50039476868914,"(3,4]"
E02005955,E02005951,20,0,0,0,2,0,0,7,1,9,1,0,3446.9689407248766,0.016388723924128816,0.45,0.2578609053606674,1.745126890680034,10,1.4776054780760683,1.497433134479521,10,0.5,3.4469689407248767,"(3,4]"
E02005955,E02005952,493,0,0,0,22,1,14,241,25,117,71,2,2603.953051908867,0.011584819625884835,0.23732251521298176,0.2883629745790336,0.8229992618138192,305,87.95070724660525,89.1308980550455,206,0.4178498985801217,2.603953051908867,"(2,3]"
E02005955,E02005953,45,0,0,0,7,1,0,18,1,9,9,0,2198.786079271173,0.01997593682132544,0.2,0.2391830684243409,0.8361795896236887,27,6.457942847457204,6.5446005336612645,16,0.35555555555555557,2.1987860792711733,"(2,3]"
E02005955,E02005954,273,0,0,0,21,4,2,106,6,44,89,1,1200.7555042167473,0.014458405966288735,0.16117216117216118,0.22278779978476132,0.7234335153355438,140,31.190291969866585,31.608827500140283,76,0.2783882783882784,1.2007555042167473,"(1,2]"
E02005955,E02005955,381,0,0,0,12,4,2,124,17,54,165,3,0,0.017567279643620107,0.14173228346456693,0.03443210994064456,4.116282264110177,162,1.3551067328445765,1.3732906060688639,55,0.14435695538057744,0,NA
E02005955,E02005956,88,0,0,0,8,0,0,42,2,15,21,0,2147.642132028833,0.012159994545962583,0.17045454545454544,0.27861592474446817,0.611790390699589,52,14.488028086712344,14.682439685159407,30,0.3409090909090909,2.147642132028833,"(2,3]"
E02005955,E02005957,28,0,0,0,1,0,0,20,0,4,3,0,2875.3263639729635,0.00973455348795055,0.14285714285714285,0.299299817076983,0.4773044776716269,21,6.285296158616643,6.369637137637145,10,0.35714285714285715,2.8753263639729636,"(2,3]"
E02005955,E02005978,16,0,0,0,3,0,1,12,0,0,0,0,8226.933295902416,0.009945023474324665,0,0.11816633469390332,0,16,1.8906613551024531,1.9160317156489426,2,0.125,8.226933295902416,"(8,9]"
E02005955,E02005979,57,0,0,0,7,0,1,41,1,5,2,0,6225.8126534808935,0.009854923102239468,0.08771929824561403,0.19800499666919483,0.44301557900665445,50,9.90024983345974,10.033099064813277,15,0.2631578947368421,6.225812653480894,"(6,7]"
E02005956,E02005940,13,0,0,0,3,0,0,8,1,1,0,0,10317.717290171793,0.01911513386011799,0.07692307692307693,0.04659090027000722,1.6510322075187709,12,0.3386310701232824,0.3431750844799971,1,0.07692307692307693,10.317717290171792,"(10,11]"
E02005956,E02005941,15,0,0,0,8,0,0,4,0,2,1,0,9561.581144964126,0.016396355762993888,0.13333333333333333,0.0654966550442977,2.035727370247462,12,0.3860830639792555,0.39126382599547405,2,0.13333333333333333,9.561581144964126,"(9,10]"
E02005956,E02005942,21,0,0,0,7,0,0,11,0,1,2,0,8311.5719974177,0.011579017203347109,0.047619047619047616,0.11078491661650094,0.42983331191093715,18,1.994128499097017,2.020887262035491,3,0.14285714285714285,8.3115719974177,"(8,9]"
E02005956,E02005945,169,0,0,0,42,0,6,78,8,24,10,1,5811.742964946952,0.013012829473384585,0.14201183431952663,0.20135695338882387,0.7052740515262924,135,27.183188707491222,27.54795381809716,52,0.3076923076923077,5.811742964946952,"(5,6]"
E02005956,E02005946,27,0,0,0,4,0,0,17,0,2,4,0,5382.28517948647,0.01678245852731706,0.07407407407407407,0.20129033766199034,0.36799617375802873,21,4.227097090901797,4.2838195583980365,6,0.2222222222222222,5.38228517948647,"(5,6]"
E02005956,E02005947,433,0,0,1,258,4,4,79,10,42,34,1,6645.0979041586015,0.01275155204999604,0.09699769053117784,0.16902316754284863,0.5738721616762282,357,60.341270812796964,61.15097678802226,103,0.23787528868360278,6.645097904158601,"(6,7]"
E02005956,E02005948,67,0,0,1,18,1,1,31,5,8,2,0,7390.042374368767,0.017567279643620107,0.11940298507462686,0.12513664948340367,0.9541807741181593,57,7.132789020554009,7.228502316150348,15,0.22388059701492538,7.390042374368767,"(7,8]"
E02005956,E02005949,102,0,0,0,22,1,2,52,4,15,6,0,3970.851472247535,0.020189418722228295,0.14705882352941177,0.22880719199507055,0.6427194103784116,81,18.533382551600713,18.782077854020244,34,0.3333333333333333,3.970851472247535,"(3,4]"
E02005956,E02005950,71,0,0,0,33,0,0,18,5,7,8,0,4355.921353934754,0.019132370917700734,0.09859154929577464,0.2240354455235763,0.4400712086668419,56,12.545984949320273,12.714336706612016,20,0.28169014084507044,4.355921353934754,"(4,5]"
E02005956,E02005952,414,0,0,1,26,1,3,152,11,91,128,1,2670.865093155309,0.016107994252422764,0.21980676328502416,0.264242953065387,0.8318358568700711,195,51.52737584775046,52.2188101438733,143,0.34541062801932365,2.670865093155309,"(2,3]"
E02005956,E02005953,13,0,0,0,5,0,0,8,0,0,0,0,4072.46627360965,0.01685685832387576,0,0.24260155648019438,0,13,3.1538202342425268,3.1961406403933212,3,0.23076923076923078,4.07246627360965,"(4,5]"
E02005956,E02005954,160,0,0,0,62,0,1,53,8,12,24,0,2476.332243971809,0.016733159066014993,0.075,0.25963037866755795,0.28887220511292044,124,32.19416695477719,32.62617325824993,45,0.28125,2.476332243971809,"(2,3]"
E02005956,E02005955,143,0,0,0,8,3,0,63,8,17,44,0,2147.6421320288323,0.007899801499133616,0.11888111888111888,0.3023614625408182,0.39317549889503584,82,24.79363992834709,25.126340219990762,42,0.2937062937062937,2.147642132028832,"(2,3]"
E02005956,E02005956,170,0,0,1,9,0,2,59,6,16,76,1,0,0.012774165985791225,0.09411764705882353,0.039013630916071254,2.412429831545178,78,1.2614100404754383,1.2783366188060614,17,0.1,0,NA
E02005956,E02005957,80,0,0,0,8,0,0,21,5,5,39,2,1291.404817344089,0.01658392786983256,0.0625,0.21921374343391042,0.2851098613661638,36,7.891694763620775,7.997591645119711,13,0.1625,1.291404817344089,"(1,2]"
E02005956,E02005978,14,0,0,0,1,0,0,10,3,0,0,0,10401.082613292487,0.014413331336622707,0,0.050988459022578377,0,14,0.7138384263160973,0.723417264006254,1,0.07142857142857142,10.401082613292486,"(10,11]"
E02005956,E02005979,18,0,0,0,6,0,0,10,1,1,0,0,8399.961970870965,0.01649457315588765,0.05555555555555555,0.09570761778363748,0.5804716159705057,17,1.6270295023218373,1.6488622461827513,3,0.16666666666666666,8.399961970870965,"(8,9]"
E02005957,E02005940,11,0,0,0,1,0,0,8,1,1,0,0,11077.517475952207,0.010393106985672211,0.09090909090909091,0.043817121058487306,2.074739022395949,10,0.21119341076395448,0.214027367760888,1,0.09090909090909091,11.077517475952208,"(11,12]"
E02005957,E02005941,20,0,0,0,8,0,0,11,0,1,0,0,10321.381330744542,0.010639140664482863,0.05,0.05782654881327086,0.8646547481409662,19,1.0987044274521462,1.1134476956652815,2,0.1,10.321381330744542,"(10,11]"
E02005957,E02005942,30,0,0,0,13,0,0,14,0,2,1,0,9071.372183198113,0.010703421679490455,0.06666666666666667,0.08908921167763775,0.7483135770456103,27,2.405408715296219,2.437686355183467,4,0.13333333333333333,9.071372183198113,"(9,10]"
E02005957,E02005945,214,0,0,0,65,0,2,111,14,12,10,0,6967.798422086652,0.01948159964161433,0.056074766355140186,0.13374614107233943,0.41926268605245937,192,25.67925908588917,26.02384330231561,38,0.17757009345794392,6.967798422086652,"(6,7]"
E02005957,E02005946,24,0,0,0,2,0,0,18,0,4,0,0,6538.3406366261715,0.014443958937816274,0.16666666666666666,0.1668266134475319,0.99904123941882,20,3.3365322689506383,3.3813044469029863,7,0.2916666666666667,6.538340636626171,"(6,7]"
E02005957,E02005947,421,0,0,0,245,1,4,80,10,43,38,0,7404.898089939015,0.014001278747209965,0.1021377672209026,0.13554365753690714,0.7535414720020488,340,46.08484356254843,46.703245738990574,90,0.21377672209026127,7.4048980899390155,"(7,8]"
E02005957,E02005948,74,0,0,0,18,3,0,35,5,7,6,0,8149.842560149183,0.012140772917194016,0.0945945945945946,0.11471915146747656,0.8245754382293581,61,6.9978682395160705,7.091771063421692,14,0.1891891891891892,8.149842560149184,"(8,9]"
E02005957,E02005949,90,0,0,0,13,0,0,58,3,11,4,1,5126.906929387235,0.020766321188245836,0.12222222222222222,0.19305014353211727,0.6331112735064526,75,14.478760764908795,14.673048007243738,26,0.28888888888888886,5.126906929387236,"(5,6]"
E02005957,E02005950,85,0,0,0,35,0,0,31,8,7,4,0,5279.280827855218,0.015348109484277221,0.08235294117647059,0.21139662542030668,0.3895660160739718,74,15.643350281102695,15.853264888875009,23,0.27058823529411763,5.279280827855218,"(5,6]"
E02005957,E02005951,12,0,0,0,3,0,0,6,1,2,0,0,6211.657918814171,0.014245326457114144,0.16666666666666666,0.18037234521954262,0.9240145237553244,10,1.8037234521954262,1.8279272125276815,4,0.3333333333333333,6.211657918814171,"(6,7]"
E02005957,E02005952,416,0,0,1,32,2,7,194,18,90,71,1,3630.786103547767,0.014413331336622707,0.21634615384615385,0.26502615681685837,0.8163200057104403,255,67.58166998829888,68.488533255647,158,0.3798076923076923,3.6307861035477673,"(3,4]"
E02005957,E02005953,23,0,0,0,6,0,1,12,1,1,2,0,4832.266459390066,0.01815647562571502,0.043478260869565216,0.21413625715190307,0.2030401644627738,20,4.2827251430380615,4.340194070885536,5,0.21739130434782608,4.832266459390066,"(4,5]"
E02005957,E02005954,190,0,0,0,69,1,0,80,10,11,18,1,3236.132429752223,0.010651724407934337,0.05789473684210526,0.2916058792778638,0.19853761860178012,161,46.94854656373607,47.578538576975845,59,0.3105263157894737,3.2361324297522227,"(3,4]"
E02005957,E02005955,163,0,0,0,7,2,1,95,7,19,32,0,2875.3263639729635,0.01505281723645012,0.1165644171779141,0.2700202256263298,0.4316877260121356,112,30.24226527014894,30.648079442832806,50,0.3067484662576687,2.8753263639729636,"(2,3]"
E02005957,E02005956,138,0,0,0,9,0,1,62,8,14,43,1,1291.404817344089,0.017231413473691292,0.10144927536231885,0.2162301768926116,0.46917260495375973,81,17.51464432830154,17.74966941106072,32,0.2318840579710145,1.291404817344089,"(1,2]"
E02005957,E02005957,117,0,0,0,7,0,1,29,4,7,69,0,0,0.011457762471329621,0.05982905982905983,0.04037104744649922,1.4819793791168507,41,1.116893371548025,1.1318807131212185,8,0.06837606837606838,0,NA
E02005957,E02005978,16,0,0,0,1,0,0,15,0,0,0,0,10991.62227399171,0.011656529963973086,0,0.04383036512963249,0,16,0.7012858420741198,0.7106962394525571,1,0.0625,10.99162227399171,"(10,11]"
E02005957,E02005979,40,0,0,0,6,0,0,27,3,2,2,0,8990.501631570189,0.01687145786604,0.05,0.0785160045974921,0.6368128416151867,36,2.8265761655097155,2.8645053569207333,5,0.125,8.990501631570188,"(8,9]"
E02005978,E02005940,15,0,0,0,2,0,0,11,0,2,0,0,7748.759445132948,0.020190250622775827,0.13333333333333333,0.10628076011735073,1.254538763047162,13,1.1013209971843803,1.1160993765597143,3,0.2,7.748759445132948,"(7,8]"
E02005978,E02005941,43,0,0,0,3,0,1,34,1,4,0,0,7321.382723200672,0.013187736123367842,0.09302325581395349,0.14125568101412372,0.6585452361710845,39,5.508971559550825,5.582895212948071,10,0.23255813953488372,7.3213827232006725,"(7,8]"
E02005978,E02005942,32,0,0,0,10,0,0,19,0,3,0,0,5866.79685487041,0.01205255660173553,0.09375,0.2033408696427536,0.4610484855538776,29,5.896885219639855,5.976014199411814,9,0.28125,5.86679685487041,"(5,6]"
E02005978,E02005945,104,0,0,0,25,0,1,64,6,8,0,0,7626.165740077211,0.012489729783198482,0.07692307692307693,0.13219961199369784,0.5818706708968554,96,12.691162751394993,12.861462617041541,21,0.20192307692307693,7.626165740077211,"(7,8]"
E02005978,E02005946,14,0,0,0,2,0,0,11,0,1,0,0,9460.805265440873,0.012873622022141332,0.07142857142857142,0.07409612185608858,0.9639987848122721,13,0.9632495841291515,0.9761752141895853,2,0.14285714285714285,9.460805265440873,"(9,10]"
E02005978,E02005947,468,0,0,1,177,0,17,120,11,121,21,0,4436.46486062556,0.018425489776064136,0.25854700854700857,0.2250791168788767,1.148693899870516,326,63.87758489079199,64.73474387124334,186,0.3974358974358974,4.436464860625559,"(4,5]"
E02005978,E02005948,138,0,0,0,26,0,6,52,12,35,7,0,3484.875019266674,0.015878160531989656,0.2536231884057971,0.2599194015213116,0.9757762865001125,96,24.952262546045915,25.28709135900885,60,0.43478260869565216,3.4848750192666738,"(3,4]"
E02005978,E02005949,52,0,0,1,9,0,1,33,1,7,0,0,8516.027277296698,0.015405498388294466,0.1346153846153846,0.09481040197962481,1.419837716164457,45,3.004898405297004,3.0452204628364012,10,0.19230769230769232,8.516027277296699,"(8,9]"
E02005978,E02005950,38,0,0,0,11,0,0,18,1,8,0,0,6220.40604898758,0.013672579796730675,0.21052631578947367,0.1823274856200351,1.1546603358980339,30,4.737171961784686,4.8007390095359135,13,0.34210526315789475,6.22040604898758,"(6,7]"
E02005978,E02005952,131,0,0,0,8,1,0,106,6,9,1,0,8619.617060985749,0.012371155199267618,0.06870229007633588,0.09884973713916284,0.6950174281153149,121,11.960818193838703,12.1213177297232,21,0.16030534351145037,8.61961706098575,"(8,9]"
E02005978,E02005953,11,0,0,0,2,0,0,9,0,0,0,0,7102.979279628735,0.016933949466225277,0,0.13709045392808608,0,11,1.507994993208947,1.5282304396979554,2,0.18181818181818182,7.102979279628735,"(7,8]"
E02005978,E02005954,58,0,0,0,5,0,1,40,1,11,0,0,8061.024430921088,0.014657508377961556,0.1896551724137931,0.11086999487671854,1.7106086513729835,47,3.0462196920513422,3.087096230667096,14,0.2413793103448276,8.061024430921089,"(8,9]"
E02005978,E02005955,42,0,0,0,6,0,0,29,2,5,0,0,8207.508636968803,0.01815666774638391,0.11904761904761904,0.0974808033107672,1.2212416701993847,37,2.953379179986159,2.9930099125996596,8,0.19047619047619047,8.207508636968804,"(8,9]"
E02005978,E02005956,11,0,0,0,1,0,1,8,0,0,1,0,10381.657954358876,0.014413331336622707,0,0.051355507913203834,0,10,0.5135550791320384,0.5204463595207226,1,0.09090909090909091,10.381657954358875,"(10,11]"
E02005978,E02005978,145,0,0,0,8,0,0,78,9,9,41,0,0,0.01231926158054831,0.06206896551724138,0.0394776831948074,1.5722545117694615,95,2.385351656129716,2.417360154839892,11,0.07586206896551724,0,NA
E02005978,E02005979,139,0,0,0,5,0,0,89,8,12,25,0,2524.09196494117,0.02038069179724416,0.08633093525179857,0.2415339985803327,0.3574276737818566,102,24.636467855193935,24.967059090050164,37,0.26618705035971224,2.52409196494117,"(2,3]"
E02005979,E02005940,24,0,0,0,5,1,1,12,0,2,3,0,7249.88890114467,0.0186787340615377,0.08333333333333333,0.1265869759440598,0.6583089035175251,19,2.405152542937136,2.4374267453049705,4,0.16666666666666666,7.24988890114467,"(7,8]"
E02005979,E02005941,54,0,0,0,13,0,0,33,0,8,0,0,6822.512179212395,0.010957800294398424,0.14814814814814814,0.16868207113697928,0.8782684914263564,46,7.759375272301047,7.863496588232384,16,0.2962962962962963,6.822512179212395,"(6,7]"
E02005979,E02005942,52,0,0,0,13,0,1,26,2,10,0,0,5367.926310882132,0.015261515992106225,0.19230769230769232,0.20851982973000008,0.9222513396289461,42,8.757832848660003,8.875352242800448,19,0.36538461538461536,5.367926310882132,"(5,6]"
E02005979,E02005945,155,0,0,0,44,0,1,85,5,19,1,0,7127.178047071173,0.01584017520050006,0.12258064516129032,0.13974956642856748,0.8771450838378594,135,18.86619146785661,19.119352658456336,38,0.24516129032258063,7.1271780470711725,"(7,8]"
E02005979,E02005946,24,0,0,0,2,0,0,22,0,0,0,0,8941.297522167983,0.019133115207284213,0,0.07541715213268943,0,24,1.8100116511845463,1.8342997914482533,2,0.08333333333333333,8.941297522167982,"(8,9]"
E02005979,E02005947,798,0,0,2,332,0,10,123,25,246,60,0,3937.4771676195237,0.013508087420680076,0.3082706766917293,0.26307850868017985,1.1717820594250397,492,110.4596415601024,111.94187470812373,358,0.44862155388471175,3.9374771676195235,"(3,4]"
E02005979,E02005948,217,0,0,0,34,0,1,63,12,80,27,0,2985.887326260637,0.010475039098018257,0.3686635944700461,0.29471104312889246,1.2509324067263077,110,25.915240959355025,26.262991763598,106,0.48847926267281105,2.985887326260637,"(2,3]"
E02005979,E02005949,107,0,0,0,26,0,3,54,5,18,1,0,7996.5195340238115,0.010671179252975897,0.16822429906542055,0.12426280688005971,1.3537783612742076,88,8.07748691975905,8.185876904517974,26,0.24299065420560748,7.996519534023811,"(7,8]"
E02005979,E02005950,82,0,0,0,8,0,1,45,3,22,3,0,5719.666723901651,0.010722402997178448,0.2682926829268293,0.21529432247132674,1.2461670138215604,57,9.847617730814715,9.979760703791086,32,0.3902439024390244,5.719666723901651,"(5,6]"
E02005979,E02005951,24,0,0,0,2,0,1,13,1,5,2,0,3491.1409445938457,0.01096205642507951,0.20833333333333334,0.2862010863813289,0.727926423926127,17,4.865418468482591,4.930706427334568,10,0.4166666666666667,3.4911409445938455,"(3,4]"
E02005979,E02005952,192,0,0,0,13,1,9,143,7,19,0,0,7305.233952844506,0.014236435497776177,0.09895833333333333,0.13844185603620796,0.7148006835985489,173,23.950441094263976,24.2718266899282,43,0.22395833333333334,7.305233952844507,"(7,8]"
E02005979,E02005953,20,0,0,0,1,0,1,13,0,5,0,0,5269.361035490321,0.01164155183257155,0.25,0.22898159387123249,1.0917908106648397,15,3.145954219908603,3.1881690737778228,8,0.4,5.269361035490321,"(5,6]"
E02005979,E02005954,119,0,0,0,12,0,0,82,4,20,1,0,6227.406186782675,0.012295029298925128,0.16806722689075632,0.18766540706993434,0.8955684988236821,98,18.391209892853567,18.63799741226239,39,0.3277310924369748,6.227406186782675,"(6,7]"
E02005979,E02005955,87,0,0,0,3,0,1,62,3,17,1,0,6203.157251685034,0.009982272769532254,0.19540229885057472,0.19841461356400053,0.9848180803857265,69,13.690608335916037,13.874319537631557,31,0.3563218390804598,6.203157251685034,"(6,7]"
E02005979,E02005956,26,0,0,0,0,0,1,22,0,3,0,0,8377.306569075106,0.012443439740453921,0.11538461538461539,0.10635638810035086,1.084886554023874,23,2.254795137090656,2.2850517271627373,5,0.19230769230769232,8.377306569075106,"(8,9]"
E02005979,E02005957,14,0,0,0,2,0,0,12,0,0,0,0,8967.846229774324,0.010261612290155474,0,0.09315061204745773,0,14,1.3041085686644083,1.3216081089652092,1,0.07142857142857142,8.967846229774324,"(8,9]"
E02005979,E02005978,69,0,0,0,9,0,1,43,6,3,7,0,2524.0919649411694,0.010651724407934337,0.043478260869565216,0.29295600680008016,0.14841225255789267,59,17.28440440120473,17.51633994603747,21,0.30434782608695654,2.5240919649411695,"(2,3]"
E02005979,E02005979,300,0,0,2,15,0,6,107,12,20,138,0,0,0.012319267957759793,0.06666666666666667,0.0394776766524002,1.6887180887990125,142,3.319577211746218,3.364121873589877,23,0.07666666666666666,0,NA
